hop_name,alpha_acid_min,alpha_acid_max,alpha_acid_avg,beta_acid_min,beta_acid_max,beta_acid_avg,alpha_beta_ratio_min_first,alpha_beta_ratio_min_second,alpha_beta_ratio_max_first,alpha_beta_ratio_max_second,alpha_beta_ratio_avg_first,alpha_beta_ratio_avg_second,hsi_min,hsi_max,hsi_avg,cohumulone_min,cohumulone_max,cohumulone_avg,total_oils_min,total_oils_max,total_oils_avg,myrcene_min,myrcene_max,myrcene_avg,humulene_min,humulene_max,humulene_avg,caryophyllene_min,caryophyllene_max,caryophyllene_avg,farnesene_min,farnesene_max,farnesene_avg,other_oils_min,other_oils_max,other_oils_avg
Astra Hop,7.0,10.0,8.5,4.0,6.0,5.0,1.0,1.0,3.0,1.0,2.0,1.0,nan,nan,nan,26.0,28.0,27.0,1.0,3.0,2.0,nan,nan,nan,nan,nan,nan,nan,nan,nan,nan,nan,nan,nan,nan,nan
Eclipse Hop,15.7,19.0,17.4,5.9,9.0,7.5,2.0,1.0,3.0,1.0,2.0,1.0,nan,nan,nan,33.0,37.0,35.0,1.8,2.7,2.3,35.0,49.0,42.0,0.0,2.0,1.0,6.0,12.0,9.0,0.0,1.0,0.5,36.0,59.0,nan
Ella Hop,13.3,19.2,16.3,4.0,7.8,5.9,2.0,1.0,5.0,1.0,3.0,1.0,nan,nan,nan,33.0,40.0,36.5,2.4,3.4,2.9,34.0,50.0,42.0,15.0,22.0,18.5,5.0,18.0,11.5,12.0,14.0,13.0,0.0,34.0,nan
Enigma Hop,13.5,19.4,16.5,4.5,7.1,5.8,2.0,1.0,4.0,1.0,3.0,1.0,30.0,0.295,nan,37.0,43.0,40.0,1.8,3.0,2.4,23.0,30.0,26.5,12.0,19.0,15.5,6.0,8.0,7.0,9.0,12.0,10.5,31.0,50.0,nan
Feux-Coeur Francais Hop,12.0,16.0,14.0,3.1,6.0,4.6,2.0,1.0,5.0,1.0,4.0,1.0,nan,nan,nan,nan,nan,nan,nan,nan,nan,nan,nan,nan,nan,nan,nan,nan,nan,nan,nan,nan,nan,nan,nan,nan
Galaxy Hop,11.0,16.0,13.5,5.0,9.0,7.0,1.0,1.0,3.0,1.0,2.0,1.0,nan,nan,nan,32.0,42.0,37.0,1.8,5.0,3.4,33.0,69.0,51.0,1.0,2.0,1.5,7.0,13.0,10.0,3.0,5.0,4.0,11.0,56.0,nan
Helga Hop,5.4,7.3,6.4,5.0,7.0,6.0,1.0,1.0,1.0,1.0,1.0,1.0,nan,nan,nan,20.0,23.0,21.5,0.6,1.0,0.8,1.0,13.0,7.0,35.0,55.0,45.0,10.0,45.0,27.5,0.0,1.0,0.5,0.0,54.0,nan
HPA-016 Hop,15.7,18.7,17.2,5.9,9.0,7.5,2.0,1.0,3.0,1.0,2.0,1.0,nan,nan,nan,33.0,37.0,35.0,1.7,1.9,1.8,35.0,49.0,42.0,0.0,2.0,1.0,6.0,12.0,9.0,0.0,1.0,0.5,36.0,59.0,nan
Melba Hop,7.0,10.0,8.5,2.5,5.0,3.8,1.0,1.0,4.0,1.0,3.0,1.0,nan,nan,nan,25.0,35.0,30.0,2.0,4.0,3.0,nan,nan,nan,nan,nan,nan,nan,nan,nan,nan,nan,nan,nan,nan,nan
Pride of Ringwood Hop,7.0,11.0,9.0,4.0,8.0,6.0,1.0,1.0,3.0,1.0,2.0,1.0,nan,nan,nan,26.0,39.0,32.5,nan,nan,1.2,24.0,41.0,32.5,2.0,4.0,3.0,9.0,14.0,11.5,0.0,1.0,0.5,40.0,65.0,nan
Summer Hop,5.6,6.4,6.0,4.8,6.1,5.5,1.0,1.0,1.0,1.0,1.0,1.0,nan,nan,nan,20.0,25.0,22.5,1.4,2.0,1.7,29.0,38.0,33.5,28.0,50.0,39.0,8.0,11.0,9.5,0.0,1.0,0.5,0.0,35.0,nan
Super Pride Hop,12.5,16.3,14.4,4.5,8.0,6.3,2.0,1.0,4.0,1.0,3.0,1.0,nan,nan,nan,25.0,50.0,37.5,3.0,4.0,3.5,34.0,42.0,38.0,1.0,2.0,1.5,5.0,9.0,7.0,0.0,1.0,0.5,46.0,60.0,nan
Sylva Hop,4.0,7.3,5.7,3.0,7.0,5.0,1.0,1.0,2.0,1.0,2.0,1.0,nan,nan,nan,20.0,28.0,24.0,0.9,1.4,1.2,26.0,36.0,31.0,18.0,27.0,22.5,5.0,8.0,6.5,22.0,28.0,25.0,1.0,29.0,nan
Topaz Hop,13.7,20.1,16.9,4.9,7.9,6.4,2.0,1.0,4.0,1.0,3.0,1.0,nan,nan,nan,47.0,53.0,50.0,1.3,2.2,1.8,18.0,56.0,37.0,8.0,16.0,12.0,6.0,13.0,9.5,0.0,1.0,0.5,14.0,68.0,nan
Vic Secret Hop,14.0,21.8,17.9,5.7,8.7,7.2,2.0,1.0,4.0,1.0,3.0,1.0,nan,nan,nan,51.0,57.0,54.0,1.9,2.8,2.4,31.0,46.0,38.5,9.0,21.0,15.0,9.0,15.0,12.0,0.0,1.0,0.5,17.0,51.0,nan
Vienna Gold Hop,6.0,10.0,8.0,nan,nan,193.0,nan,nan,nan,nan,nan,nan,nan,nan,nan,nan,nan,nan,nan,nan,nan,nan,nan,nan,nan,nan,nan,nan,nan,nan,nan,nan,nan,nan,nan,nan
Canadian Redvine Hop,5.0,6.0,5.5,5.0,6.0,5.5,1.0,1.0,1.0,1.0,1.0,1.0,20.0,0.2,nan,nan,nan,47.0,nan,nan,nan,69.0,71.0,70.0,1.0,3.0,2.0,1.0,3.0,2.0,4.0,7.0,5.5,16.0,25.0,nan
Lumberjack Hop,9.0,12.0,10.5,nan,nan,193.0,nan,nan,nan,nan,nan,nan,nan,nan,nan,nan,nan,nan,nan,nan,nan,nan,nan,nan,nan,nan,nan,nan,nan,nan,nan,nan,nan,nan,nan,nan
Sasquatch Hop,6.6,9.0,7.8,nan,nan,8.2,nan,nan,nan,nan,nan,nan,nan,nan,nan,nan,nan,nan,nan,nan,nan,nan,nan,nan,nan,nan,nan,nan,nan,nan,nan,nan,nan,nan,nan,nan
Wild Loyalist Hop,3.7,5.6,4.7,4.7,6.7,5.7,1.0,1.0,1.0,1.0,1.0,1.0,nan,nan,nan,nan,nan,nan,nan,nan,nan,nan,nan,nan,nan,nan,nan,nan,nan,nan,nan,nan,nan,nan,nan,nan
Marco Polo Hop,12.0,13.0,12.5,4.5,5.5,5.0,2.0,1.0,3.0,1.0,3.0,1.0,nan,nan,nan,30.0,35.0,32.5,nan,nan,1.1,40.0,50.0,45.0,15.0,25.0,20.0,8.0,12.0,10.0,0.0,1.0,0.5,12.0,37.0,nan
Tsingdao Flower Hop,6.0,8.0,7.0,3.0,4.2,3.6,1.0,1.0,3.0,1.0,2.0,1.0,nan,nan,nan,nan,nan,35.0,0.4,0.8,0.6,nan,nan,nan,nan,nan,nan,nan,nan,nan,nan,nan,nan,nan,nan,nan
Agnus Hop,9.0,14.0,11.5,4.0,6.5,5.3,1.0,1.0,4.0,1.0,2.0,1.0,nan,nan,nan,29.0,38.0,33.5,2.0,3.0,2.5,nan,nan,nan,nan,nan,nan,nan,nan,nan,nan,nan,nan,nan,nan,nan
Amethyst Hop,3.5,6.0,4.8,7.0,8.0,7.5,0.0,1.0,1.0,1.0,1.0,1.0,nan,nan,nan,20.0,28.0,24.0,0.4,1.0,0.7,41.0,43.0,42.0,18.0,20.0,19.0,5.0,7.0,6.0,0.0,1.0,0.5,29.0,36.0,nan
Bohemie Hop,5.0,8.0,6.5,6.0,9.0,7.5,1.0,1.0,1.0,1.0,1.0,1.0,nan,nan,nan,23.0,26.0,24.5,1.0,1.5,1.3,30.0,45.0,37.5,17.0,23.0,20.0,7.0,10.0,8.5,1.0,3.0,2.0,19.0,45.0,nan
Boomerang Hop,10.0,14.0,12.0,5.0,10.0,7.5,1.0,1.0,3.0,1.0,2.0,1.0,nan,nan,nan,27.0,32.0,29.5,1.5,3.0,2.3,30.0,53.0,41.5,17.0,24.0,20.5,7.0,11.0,9.0,0.0,1.0,0.5,11.0,46.0,nan
Bor Hop,6.0,9.0,7.5,3.0,5.5,4.3,1.0,1.0,3.0,1.0,2.0,1.0,nan,nan,nan,23.0,26.0,24.5,1.0,2.0,1.5,nan,nan,nan,nan,nan,nan,nan,nan,nan,nan,nan,nan,nan,nan,nan
Gaia Hop,12.0,15.0,13.5,5.0,10.0,7.5,1.0,1.0,3.0,1.0,2.0,1.0,nan,nan,nan,20.0,29.0,24.5,1.5,2.5,2.0,23.0,37.0,30.0,2.0,4.0,3.0,9.0,12.0,10.5,5.0,7.0,6.0,40.0,61.0,nan
Harmonie Hop,4.0,8.0,6.0,5.0,8.0,6.5,1.0,1.0,2.0,1.0,1.0,1.0,nan,nan,nan,19.0,22.0,20.5,0.9,1.4,1.2,30.0,40.0,35.0,10.0,20.0,15.0,6.0,11.0,8.5,0.0,1.0,0.5,28.0,54.0,nan
Kazbek Hop,5.0,8.0,6.5,4.0,6.0,5.0,1.0,1.0,2.0,1.0,1.0,1.0,nan,nan,nan,35.0,40.0,37.5,0.9,1.8,1.4,40.0,55.0,47.5,20.0,35.0,27.5,10.0,15.0,12.5,0.0,1.0,0.5,0.0,30.0,nan
Mimosa Hop,1.9,4.8,3.4,4.3,8.4,6.4,0.0,1.0,1.0,1.0,1.0,1.0,nan,nan,nan,21.0,34.0,27.5,0.5,1.2,0.9,16.0,42.0,29.0,3.0,12.0,7.5,5.0,8.0,6.5,0.0,3.5,1.8,34.5,76.0,nan
Premiant Hop,7.0,9.0,8.0,3.5,6.5,5.0,1.0,1.0,3.0,1.0,2.0,1.0,nan,nan,nan,18.0,23.0,20.5,1.0,2.0,1.5,35.0,50.0,42.5,20.0,40.0,30.0,8.0,13.0,10.5,1.0,3.0,2.0,0.0,36.0,nan
Saaz (CZ) Hop,2.0,5.0,3.5,4.0,8.0,6.0,0.0,1.0,1.0,1.0,1.0,1.0,nan,nan,50.0,23.0,26.0,24.5,0.4,1.0,0.7,25.0,40.0,32.5,15.0,30.0,22.5,6.0,9.0,7.5,14.0,20.0,17.0,1.0,40.0,nan
Saaz Late Hop,3.5,6.0,4.8,4.0,6.5,5.3,1.0,1.0,2.0,1.0,1.0,1.0,nan,nan,nan,20.0,25.0,22.5,0.5,1.0,0.8,25.0,35.0,30.0,15.0,25.0,20.0,6.0,9.0,7.5,15.0,20.0,17.5,11.0,39.0,nan
Sládek Hop,4.5,9.0,6.8,4.0,11.0,7.5,0.0,1.0,2.0,1.0,1.0,1.0,nan,nan,nan,23.0,40.0,31.5,0.8,2.0,1.4,35.0,50.0,42.5,20.0,40.0,30.0,9.0,14.0,11.5,0.0,1.0,0.5,0.0,36.0,nan
Vital Hop,9.0,16.0,12.5,6.0,11.0,8.5,1.0,1.0,3.0,1.0,2.0,1.0,nan,nan,nan,21.0,26.0,23.5,1.1,2.5,1.8,40.0,60.0,50.0,2.0,5.0,3.5,5.0,8.0,6.5,1.0,3.0,2.0,24.0,52.0,nan
Aramis Hop,5.5,8.5,7.0,3.0,5.5,4.3,1.0,1.0,3.0,1.0,2.0,1.0,nan,nan,nan,20.0,42.0,31.0,1.2,1.6,1.4,38.0,41.0,39.5,19.0,22.0,20.5,2.0,8.0,5.0,2.0,4.0,3.0,25.0,39.0,nan
Barbe Rouge Hop,3.8,10.0,6.9,3.3,4.6,4.0,1.0,1.0,3.0,1.0,2.0,1.0,nan,nan,nan,24.0,28.0,26.0,1.1,3.0,2.1,35.0,60.0,47.5,15.0,25.0,20.0,2.0,4.0,3.0,0.0,4.0,2.0,7.0,48.0,nan
Bouclier Hop,3.8,8.5,6.2,2.4,3.3,2.9,1.0,1.0,4.0,1.0,2.0,1.0,nan,nan,nan,42.0,47.0,44.5,1.1,1.6,1.4,nan,nan,nan,nan,nan,nan,nan,nan,nan,nan,nan,nan,nan,nan,nan
Elixir Hop,4.6,7.0,5.8,4.5,6.6,5.6,1.0,1.0,2.0,1.0,1.0,1.0,nan,nan,nan,25.0,30.0,27.5,1.8,2.2,2.0,65.0,75.0,70.0,1.0,2.0,1.5,26.0,27.0,26.5,0.0,1.0,0.5,0.0,8.0,nan
Mistral Hop,6.5,8.5,7.5,3.1,3.8,3.5,2.0,1.0,3.0,1.0,2.0,1.0,nan,nan,nan,29.0,39.0,34.0,1.0,1.5,1.3,59.0,65.0,62.0,9.0,13.0,11.0,3.0,4.0,3.5,2.0,4.0,3.0,14.0,27.0,nan
Petit Blanc Hop,2.0,4.0,3.0,5.0,6.0,5.5,0.0,1.0,1.0,1.0,1.0,1.0,nan,nan,nan,nan,nan,15.0,0.5,0.8,0.7,nan,nan,nan,nan,nan,nan,nan,nan,nan,nan,nan,nan,nan,nan,nan
Strisselspalt Hop,1.0,4.0,2.5,3.0,6.0,4.5,0.0,1.0,1.0,1.0,1.0,1.0,nan,nan,nan,20.0,27.0,23.5,0.6,0.8,0.7,35.0,52.0,43.5,13.0,21.0,17.0,8.0,10.0,9.0,0.0,1.0,0.5,16.0,44.0,nan
Tardif de Bourgogne Hop,2.2,5.3,3.8,3.1,5.8,4.5,0.0,1.0,2.0,1.0,1.0,1.0,nan,nan,nan,nan,nan,20.0,0.4,0.9,0.7,nan,nan,nan,nan,nan,nan,nan,nan,nan,nan,nan,nan,nan,nan,nan
Triskel Hop,3.0,9.0,6.0,4.0,5.5,4.8,1.0,1.0,2.0,1.0,1.0,1.0,nan,nan,nan,20.0,23.0,21.5,1.2,2.0,1.6,55.0,61.0,58.0,10.0,16.0,13.0,2.0,3.0,2.5,0.0,1.0,0.5,19.0,33.0,nan
Akoya Hop,9.0,10.0,9.5,4.0,5.0,4.5,2.0,1.0,3.0,1.0,2.0,1.0,nan,nan,nan,27.0,30.0,28.5,1.5,2.0,1.8,nan,nan,nan,nan,nan,nan,nan,nan,nan,nan,nan,nan,nan,nan,nan
Ariana Hop,9.0,13.0,11.0,4.5,6.0,5.3,2.0,1.0,3.0,1.0,2.0,1.0,nan,nan,nan,40.0,42.0,41.0,1.6,2.4,2.0,nan,nan,nan,nan,nan,nan,nan,nan,nan,nan,nan,nan,nan,nan,nan
Aurum Hop,3.5,5.7,4.6,nan,nan,3.1,nan,nan,nan,nan,nan,nan,nan,nan,nan,nan,nan,nan,nan,nan,nan,nan,nan,nan,nan,nan,nan,nan,nan,nan,nan,nan,nan,nan,nan,nan
Brewer's Gold (GR) Hop,4.5,7.8,6.2,2.9,3.7,3.3,1.0,1.0,3.0,1.0,2.0,1.0,26.0,0.258,nan,39.0,48.0,43.5,0.8,2.2,1.5,40.0,50.0,45.0,29.0,31.0,30.0,7.0,8.0,7.5,0.0,1.0,0.5,10.0,24.0,nan
Callista Hop,2.0,5.0,3.5,5.0,10.0,7.5,0.0,1.0,1.0,1.0,1.0,1.0,nan,nan,nan,15.0,22.0,18.5,0.7,2.1,1.4,nan,nan,nan,nan,nan,nan,nan,nan,nan,nan,nan,nan,nan,nan,nan
Diamant Hop,7.0,7.5,7.3,nan,nan,193.0,nan,nan,nan,nan,nan,nan,nan,nan,nan,nan,nan,nan,nan,nan,nan,nan,nan,nan,nan,nan,nan,nan,nan,nan,nan,nan,nan,nan,nan,nan
Hallertau Blanc Hop,9.0,12.0,10.5,4.0,7.0,5.5,1.0,1.0,3.0,1.0,2.0,1.0,nan,nan,nan,22.0,35.0,28.5,0.8,2.2,1.5,50.0,75.0,62.5,0.0,3.0,1.5,0.0,2.0,1.0,0.0,1.0,0.5,19.0,50.0,nan
Hallertau Gold Hop,7.0,10.0,8.5,5.0,7.0,6.0,1.0,1.0,2.0,1.0,2.0,1.0,nan,nan,nan,nan,nan,20.0,1.7,1.8,1.8,62.0,64.0,63.0,16.0,18.0,17.0,4.0,5.0,4.5,0.0,1.0,0.5,12.0,18.0,nan
Hallertau Mittelfrüh Hop,3.0,5.5,4.3,3.0,5.0,4.0,1.0,1.0,2.0,1.0,1.0,1.0,nan,nan,nan,18.0,28.0,23.0,0.7,1.3,1.0,15.0,16.0,15.5,55.0,56.0,55.5,14.0,15.0,14.5,0.0,1.0,0.5,12.0,16.0,nan
Hallertau Tradition Hop,4.6,7.0,5.8,3.0,6.0,4.5,1.0,1.0,2.0,1.0,2.0,1.0,nan,nan,nan,23.0,30.0,26.5,0.5,1.9,1.2,17.0,32.0,24.5,35.0,50.0,42.5,10.0,15.0,12.5,0.0,1.0,0.5,2.0,38.0,nan
Herkules Hop,12.0,17.0,14.5,4.0,5.5,4.8,2.0,1.0,4.0,1.0,3.0,1.0,nan,nan,nan,32.0,38.0,35.0,1.4,2.4,1.9,30.0,50.0,40.0,30.0,45.0,37.5,7.0,12.0,9.5,0.0,1.0,0.5,0.0,33.0,nan
Hersbrucker Hop,1.5,5.0,3.3,2.5,6.0,4.3,0.0,1.0,2.0,1.0,1.0,1.0,nan,nan,40.0,17.0,25.0,21.0,0.5,1.3,0.9,15.0,30.0,22.5,20.0,30.0,25.0,8.0,13.0,10.5,0.0,1.0,0.5,26.0,57.0,nan
Huell Melon Hop,6.9,8.0,7.5,6.0,8.0,7.0,1.0,1.0,1.0,1.0,1.0,1.0,nan,nan,nan,25.0,30.0,27.5,0.8,1.2,1.0,35.0,37.0,36.0,10.0,20.0,15.0,5.0,10.0,7.5,0.0,1.0,0.5,32.0,50.0,nan
Hüller Bitterer Hop,4.5,7.0,5.8,4.5,5.5,5.0,1.0,1.0,2.0,1.0,1.0,1.0,nan,nan,nan,26.0,31.0,28.5,1.0,1.5,1.3,28.0,51.0,39.5,9.0,21.0,15.0,5.0,8.0,6.5,0.0,1.0,0.5,19.0,58.0,nan
Magnum (GR) Hop,11.0,16.0,13.5,4.5,7.0,5.8,2.0,1.0,4.0,1.0,3.0,1.0,nan,nan,18.0,21.0,29.0,25.0,1.6,2.6,2.1,30.0,45.0,37.5,30.0,45.0,37.5,8.0,12.0,10.0,0.0,1.0,0.5,0.0,32.0,nan
Mandarina Bavaria Hop,7.0,10.5,8.8,4.0,8.0,6.0,1.0,1.0,3.0,1.0,2.0,1.0,nan,nan,nan,31.0,35.0,33.0,0.8,2.0,1.4,35.0,45.0,40.0,10.0,15.0,12.5,6.0,10.0,8.0,1.0,2.0,1.5,28.0,48.0,nan
Merkur Hop,12.0,16.2,14.1,4.5,7.3,5.9,2.0,1.0,4.0,1.0,3.0,1.0,nan,nan,nan,17.0,20.0,18.5,2.0,3.0,2.5,45.0,50.0,47.5,28.0,32.0,30.0,8.0,10.0,9.0,0.0,1.0,0.5,7.0,19.0,nan
Monroe Hop,2.5,2.9,2.7,6.5,7.5,7.0,0.0,1.0,0.0,1.0,0.0,1.0,25.0,0.252,nan,nan,nan,nan,0.95,1.0,1.0,nan,nan,nan,nan,nan,nan,nan,nan,nan,nan,nan,nan,nan,nan,nan
Northern Brewer (GR) Hop,6.0,10.0,8.0,3.0,5.0,4.0,1.0,1.0,3.0,1.0,2.0,1.0,nan,nan,nan,27.0,33.0,30.0,1.0,2.1,1.6,25.0,45.0,35.0,35.0,50.0,42.5,10.0,20.0,15.0,0.0,1.0,0.5,0.0,30.0,nan
Opal Hop,5.0,14.0,9.5,3.5,5.5,4.5,1.0,1.0,4.0,1.0,2.0,1.0,nan,nan,nan,13.0,34.0,23.5,0.8,1.3,1.1,20.0,45.0,32.5,30.0,50.0,40.0,8.0,15.0,11.5,0.0,1.0,0.5,0.0,42.0,nan
Orion Hop,6.0,9.0,7.5,2.5,5.75,4.1,1.0,1.0,4.0,1.0,2.0,1.0,nan,nan,nan,25.0,30.0,27.5,0.8,2.1,1.5,41.0,56.0,48.5,16.0,26.0,21.0,6.0,13.0,9.5,0.0,1.0,0.5,4.0,37.0,nan
Perle (GR) Hop,4.0,9.0,6.5,2.5,5.0,3.8,1.0,1.0,4.0,1.0,2.0,1.0,nan,nan,nan,29.0,35.0,32.0,0.5,2.5,1.5,20.0,35.0,27.5,35.0,55.0,45.0,10.0,20.0,15.0,0.0,1.0,0.5,0.0,35.0,nan
Polaris Hop,18.0,23.0,20.5,4.5,6.5,5.5,3.0,1.0,5.0,1.0,4.0,1.0,nan,nan,nan,22.0,29.0,25.5,4.0,5.0,4.5,49.0,51.0,50.0,20.0,35.0,27.5,8.0,13.0,10.5,0.0,1.0,0.5,0.0,23.0,nan
Relax Hop,0.3,4.0,2.2,10.0,15.0,12.5,0.0,1.0,0.0,1.0,0.0,1.0,nan,nan,nan,nan,nan,nan,1.0,1.3,1.2,nan,nan,nan,nan,nan,nan,nan,nan,nan,nan,nan,nan,nan,nan,nan
Saphir Hop,2.0,4.5,3.3,4.0,7.0,5.5,0.0,1.0,1.0,1.0,1.0,1.0,nan,nan,nan,12.0,17.0,14.5,0.8,1.4,1.1,25.0,40.0,32.5,20.0,30.0,25.0,9.0,14.0,11.5,0.0,1.0,0.5,15.0,46.0,nan
Smaragd Hop,4.0,6.0,5.0,3.5,5.5,4.5,1.0,1.0,2.0,1.0,1.0,1.0,nan,nan,nan,13.0,18.0,15.5,0.4,0.8,0.6,20.0,40.0,30.0,30.0,50.0,40.0,9.0,14.0,11.5,0.0,1.0,0.5,0.0,41.0,nan
Solero Hop,9.0,11.2,10.1,5.0,7.0,6.0,1.0,1.0,2.0,1.0,2.0,1.0,nan,nan,nan,30.0,45.0,37.5,1.5,2.0,1.8,nan,nan,nan,nan,nan,nan,nan,nan,nan,nan,nan,nan,nan,nan,nan
Spalt Hop,2.5,5.7,4.1,3.0,5.0,4.0,1.0,1.0,2.0,1.0,1.0,1.0,nan,nan,nan,22.0,29.0,25.5,0.5,0.9,0.7,20.0,35.0,27.5,20.0,30.0,25.0,8.0,13.0,10.5,12.0,18.0,15.0,4.0,40.0,nan
Spalter Select Hop,3.0,6.5,4.8,2.5,5.0,3.8,1.0,1.0,3.0,1.0,2.0,1.0,nan,nan,nan,21.0,27.0,24.0,0.5,0.9,0.7,20.0,40.0,30.0,10.0,22.0,16.0,4.0,10.0,7.0,15.0,22.0,18.5,6.0,51.0,nan
Tango Hop,7.5,11.0,9.3,7.5,10.0,8.8,1.0,1.0,1.0,1.0,1.0,1.0,nan,nan,nan,19.0,25.0,22.0,2.4,4.0,3.2,nan,nan,nan,nan,nan,nan,nan,nan,nan,nan,nan,nan,nan,nan,nan
Tettnanger Hop,2.5,5.8,4.2,2.8,5.3,4.1,0.0,1.0,2.0,1.0,1.0,1.0,nan,nan,nan,22.0,28.0,25.0,0.4,1.1,0.8,40.0,41.0,40.5,20.0,21.0,20.5,6.0,7.0,6.5,11.0,12.0,11.5,19.0,23.0,nan
Wurttemberg Hop,nan,nan,3.8,nan,nan,3.1,nan,nan,nan,nan,nan,nan,nan,nan,nan,nan,nan,nan,nan,nan,nan,nan,nan,nan,nan,nan,nan,nan,nan,nan,nan,nan,nan,nan,nan,nan
Yellow Sub Hop,6.2,7.2,6.7,nan,nan,193.0,nan,nan,nan,nan,nan,nan,nan,nan,nan,nan,nan,nan,nan,nan,nan,nan,nan,nan,nan,nan,nan,nan,nan,nan,nan,nan,nan,nan,nan,nan
Golden Star Hop,nan,nan,5.4,nan,nan,4.6,nan,nan,nan,nan,nan,nan,nan,nan,nan,nan,nan,nan,nan,nan,nan,nan,nan,nan,nan,nan,nan,nan,nan,nan,nan,nan,nan,nan,nan,nan
Sorachi Ace Hop,11.0,16.0,13.5,6.0,8.0,7.0,1.0,1.0,3.0,1.0,2.0,1.0,28.0,0.275,nan,23.0,28.0,25.5,1.0,3.0,2.0,45.0,55.0,50.0,20.0,26.0,23.0,7.0,11.0,9.0,2.0,5.0,3.5,3.0,26.0,nan
Toyomidori Hop,11.0,13.0,12.0,5.0,6.0,5.5,2.0,1.0,3.0,1.0,2.0,1.0,37.0,0.37,nan,nan,nan,40.0,0.8,1.2,1.0,58.0,60.0,59.0,9.0,12.0,10.5,4.0,5.0,4.5,0.0,1.0,0.5,22.0,29.0,nan
Brooklyn Hop,17.5,19.5,18.5,8.0,10.0,9.0,2.0,1.0,2.0,1.0,2.0,1.0,nan,nan,nan,nan,nan,26.0,nan,nan,1.7,nan,nan,nan,nan,nan,nan,nan,nan,nan,nan,nan,nan,nan,nan,nan
Dr. Rudi Hop,10.0,12.0,11.0,7.0,8.5,7.8,1.0,1.0,2.0,1.0,1.0,1.0,nan,nan,nan,36.0,39.0,37.5,1.3,1.6,1.5,28.0,30.0,29.0,33.0,34.0,33.5,9.0,11.0,10.0,0.0,1.0,0.5,24.0,30.0,nan
Green Bullet Hop,11.0,15.0,13.0,6.5,7.0,6.8,2.0,1.0,2.0,1.0,2.0,1.0,nan,nan,nan,38.0,43.0,40.5,1.0,1.4,1.2,37.0,39.0,38.0,28.0,29.0,28.5,9.0,10.0,9.5,0.0,1.0,0.5,21.0,26.0,nan
HORT9909 Hop,6.0,10.0,8.0,3.0,4.0,3.5,2.0,1.0,3.0,1.0,2.0,1.0,nan,nan,nan,27.0,29.0,28.0,nan,nan,1.9,49.0,51.0,50.0,11.0,13.0,12.0,4.0,5.0,4.5,0.0,1.0,0.5,30.0,36.0,nan
Kohatu Hop,6.0,7.0,6.5,4.0,6.0,5.0,1.0,1.0,2.0,1.0,1.0,1.0,nan,nan,nan,20.0,25.0,22.5,1.0,2.0,1.5,25.0,30.0,27.5,30.0,40.0,35.0,11.0,16.0,13.5,0.0,1.0,0.5,13.0,34.0,nan
Motueka Hop,5.0,8.5,6.8,5.0,5.5,5.3,1.0,1.0,2.0,1.0,1.0,1.0,nan,nan,35.0,25.0,35.0,30.0,0.8,1.0,0.9,47.0,48.0,47.5,3.0,4.0,3.5,1.0,3.0,2.0,12.0,13.0,12.5,32.0,37.0,nan
Moutere Hop,17.5,19.5,18.5,8.0,10.0,9.0,2.0,1.0,2.0,1.0,2.0,1.0,nan,nan,nan,24.0,28.0,26.0,1.5,1.9,1.7,22.0,23.0,22.5,15.0,16.0,15.5,5.0,6.0,5.5,0.0,1.0,0.5,54.0,58.0,nan
Nectaron Hop,9.5,12.0,10.8,4.5,5.0,4.8,2.0,1.0,3.0,1.0,2.0,1.0,nan,nan,nan,26.0,28.0,27.0,1.0,1.7,1.4,59.0,65.0,62.0,10.0,20.0,15.0,4.0,5.0,4.5,0.0,1.0,0.5,9.0,27.0,nan
Nelson Sauvin Hop,10.0,13.0,11.5,5.0,8.0,6.5,1.0,1.0,3.0,1.0,2.0,1.0,nan,nan,nan,20.0,25.0,22.5,0.8,1.5,1.2,20.0,45.0,32.5,25.0,37.0,31.0,6.0,11.0,8.5,0.0,1.0,0.5,6.0,49.0,nan
NZH-107 Hop,8.0,11.0,9.5,5.0,7.0,6.0,1.0,1.0,2.0,1.0,2.0,1.0,nan,nan,nan,27.0,31.0,29.0,1.4,2.2,1.8,55.0,65.0,60.0,7.0,10.0,8.5,4.0,8.0,6.0,4.0,7.0,5.5,10.0,30.0,nan
Pacific Gem Hop,13.0,15.0,14.0,7.0,9.0,8.0,1.0,1.0,2.0,1.0,2.0,1.0,22.0,0.22,nan,35.0,40.0,37.5,0.8,1.6,1.2,30.0,40.0,35.0,20.0,30.0,25.0,6.0,12.0,9.0,0.0,1.0,0.5,17.0,44.0,nan
Pacific Jade Hop,12.0,14.0,13.0,7.0,8.0,7.5,2.0,1.0,2.0,1.0,2.0,1.0,nan,nan,nan,23.0,25.0,24.0,1.1,1.5,1.3,33.0,34.0,33.5,32.0,33.0,32.5,10.0,11.0,10.5,0.0,1.0,0.5,21.0,25.0,nan
Pacific Sunrise Hop,12.5,14.5,13.5,5.0,7.0,6.0,2.0,1.0,3.0,1.0,2.0,1.0,nan,nan,nan,27.0,30.0,28.5,1.5,2.5,2.0,45.0,55.0,50.0,20.0,24.0,22.0,6.0,8.0,7.0,0.0,1.0,0.5,12.0,29.0,nan
Pacifica Hop,5.0,6.0,5.5,5.0,6.0,5.5,1.0,1.0,1.0,1.0,1.0,1.0,23.0,0.231,nan,24.0,26.0,25.0,0.9,1.2,1.1,10.0,15.0,12.5,45.0,55.0,50.0,14.0,18.0,16.0,0.0,1.0,0.5,11.0,31.0,nan
Rakau Hop,9.0,12.0,10.5,5.0,6.0,5.5,2.0,1.0,2.0,1.0,2.0,1.0,nan,nan,nan,23.0,25.0,24.0,1.8,2.2,2.0,55.0,57.0,56.0,16.0,17.0,16.5,5.0,6.0,5.5,4.0,5.0,4.5,15.0,20.0,nan
Riwaka Hop,4.5,6.5,5.5,4.0,5.0,4.5,1.0,1.0,2.0,1.0,1.0,1.0,nan,nan,nan,29.0,38.0,33.5,0.8,1.5,1.2,67.0,70.0,68.5,8.0,10.0,9.0,2.0,6.0,4.0,0.0,1.0,0.5,13.0,23.0,nan
Smooth Cone Hop,7.0,9.5,8.3,3.4,5.2,4.3,1.0,1.0,3.0,1.0,2.0,1.0,nan,nan,35.0,nan,nan,31.0,0.4,1.14,0.8,54.0,56.0,55.0,20.0,22.0,21.0,5.0,7.0,6.0,0.0,1.0,0.5,14.0,21.0,nan
Southern Cross Hop,11.0,14.0,12.5,5.0,7.0,6.0,2.0,1.0,3.0,1.0,2.0,1.0,nan,nan,nan,25.0,28.0,26.5,1.2,2.0,1.6,31.0,55.0,43.0,13.0,21.0,17.0,5.0,8.0,6.5,6.0,8.0,7.0,8.0,45.0,nan
Sticklebract Hop,12.0,15.0,13.5,6.0,8.5,7.3,1.0,1.0,3.0,1.0,2.0,1.0,nan,nan,nan,35.0,45.0,40.0,0.75,1.8,1.3,14.0,64.0,39.0,7.0,26.0,16.5,3.0,13.0,8.0,4.0,7.0,5.5,0.0,72.0,nan
Taiheke Hop,5.0,9.0,7.0,5.0,5.5,5.3,1.0,1.0,2.0,1.0,1.0,1.0,nan,nan,nan,33.0,40.0,36.5,1.0,1.5,1.3,50.0,60.0,55.0,10.0,20.0,15.0,5.0,10.0,7.5,0.0,5.0,2.5,5.0,35.0,nan
Wai-iti Hop,2.5,3.5,3.0,4.5,5.5,5.0,0.0,1.0,1.0,1.0,1.0,1.0,nan,nan,nan,22.0,24.0,23.0,1.4,1.8,1.6,2.0,4.0,3.0,27.0,29.0,28.0,8.0,10.0,9.0,12.0,14.0,13.0,43.0,51.0,nan
Waimea Hop,14.5,19.0,16.8,7.0,9.0,8.0,2.0,1.0,3.0,1.0,2.0,1.0,nan,nan,nan,22.0,24.0,23.0,1.8,2.3,2.1,59.0,61.0,60.0,9.0,10.0,9.5,2.0,3.0,2.5,4.0,6.0,5.0,20.0,26.0,nan
Wakatu Hop,6.5,8.5,7.5,8.0,8.5,8.3,1.0,1.0,1.0,1.0,1.0,1.0,nan,nan,nan,28.0,30.0,29.0,0.9,1.2,1.1,35.0,36.0,35.5,16.0,17.0,16.5,8.0,9.0,8.5,6.0,7.0,6.5,31.0,35.0,nan
Junga Hop,10.0,14.0,12.0,5.0,8.0,6.5,1.0,1.0,3.0,1.0,2.0,1.0,nan,nan,nan,29.0,34.0,31.5,1.5,2.6,2.1,nan,nan,nan,nan,nan,nan,nan,nan,nan,nan,nan,nan,nan,nan,nan
Limbus Hop,3.0,5.5,4.3,2.5,3.5,3.0,1.0,1.0,2.0,1.0,2.0,1.0,nan,nan,nan,25.0,35.0,30.0,1.1,1.5,1.3,nan,nan,nan,nan,nan,nan,nan,nan,nan,nan,nan,nan,nan,nan,nan
Lubelska Hop,3.0,5.0,4.0,2.5,4.0,3.3,1.0,1.0,2.0,1.0,1.0,1.0,nan,nan,nan,22.0,28.0,25.0,0.5,1.2,0.9,22.0,35.0,28.5,30.0,40.0,35.0,6.0,11.0,8.5,10.0,14.0,12.0,0.0,32.0,nan
Magnat Hop,11.0,16.0,13.5,2.8,7.0,4.9,2.0,1.0,6.0,1.0,4.0,1.0,nan,nan,nan,21.0,25.0,23.0,1.0,2.0,1.5,30.0,59.0,44.5,18.0,20.0,19.0,7.0,8.0,7.5,0.0,1.0,0.5,12.0,45.0,nan
Marynka Hop,7.5,12.0,9.8,10.0,13.0,11.5,1.0,1.0,1.0,1.0,1.0,1.0,nan,nan,nan,26.0,33.0,29.5,1.8,3.3,2.6,nan,nan,nan,nan,nan,nan,nan,nan,nan,nan,nan,nan,nan,nan,nan
Pulawski Hop,8.0,11.0,9.5,3.0,4.0,3.5,2.0,1.0,4.0,1.0,3.0,1.0,nan,nan,nan,26.0,30.0,28.0,nan,nan,2.1,nan,nan,nan,nan,nan,nan,nan,nan,nan,nan,nan,nan,nan,nan,nan
Sybilla Hop,6.0,8.0,7.0,3.0,12.0,7.5,1.0,1.0,3.0,1.0,2.0,1.0,nan,nan,nan,26.0,31.0,28.5,1.2,2.2,1.7,nan,nan,nan,nan,nan,nan,nan,nan,nan,nan,nan,nan,nan,nan,nan
Zula Hop,8.0,14.0,11.0,3.8,7.0,5.4,1.0,1.0,4.0,1.0,2.0,1.0,nan,nan,nan,nan,nan,30.0,1.1,2.0,1.6,nan,nan,nan,nan,nan,nan,nan,nan,nan,nan,nan,nan,nan,nan,nan
Apolon Hop,10.0,12.0,11.0,nan,nan,4.0,nan,nan,nan,nan,nan,nan,nan,nan,nan,nan,nan,nan,nan,nan,nan,nan,nan,nan,nan,nan,nan,nan,nan,nan,nan,nan,nan,nan,nan,nan
Atlas Hop,5.0,11.0,8.0,4.0,4.0,4.0,1.0,1.0,3.0,1.0,2.0,1.0,nan,nan,nan,36.0,38.0,37.0,1.3,1.6,1.5,58.0,59.0,58.5,8.0,10.0,9.0,3.0,5.0,4.0,13.0,14.0,13.5,12.0,18.0,nan
Aurora Hop,6.5,13.0,9.8,2.7,5.5,4.1,1.0,1.0,5.0,1.0,3.0,1.0,nan,nan,28.0,20.0,26.0,23.0,0.9,1.8,1.4,20.0,25.0,22.5,20.0,25.0,22.5,6.0,9.0,7.5,5.0,10.0,7.5,31.0,49.0,nan
Bobek Hop,3.5,9.3,6.4,4.0,6.6,5.3,1.0,1.0,2.0,1.0,1.0,1.0,nan,nan,nan,26.0,31.0,28.5,0.7,4.0,2.4,30.0,45.0,37.5,13.0,19.0,16.0,4.0,6.0,5.0,4.0,7.0,5.5,23.0,49.0,nan
Cekin Hop,6.0,8.0,7.0,2.0,3.0,2.5,2.0,1.0,4.0,1.0,3.0,1.0,nan,nan,25.0,20.0,27.0,23.5,0.65,1.5,1.1,47.0,48.0,47.5,16.0,17.0,16.5,6.0,7.0,6.5,7.0,8.0,7.5,20.0,24.0,nan
Celeia Hop,3.0,6.0,4.5,2.0,4.0,3.0,1.0,1.0,3.0,1.0,2.0,1.0,nan,nan,nan,25.0,29.0,27.0,0.5,3.6,2.1,26.0,35.0,30.5,18.0,23.0,20.5,8.0,9.0,8.5,3.0,7.0,5.0,26.0,45.0,nan
Dana Hop,7.2,13.0,10.1,2.7,6.0,4.4,1.0,1.0,5.0,1.0,3.0,1.0,nan,nan,nan,22.0,31.0,26.5,0.9,1.6,1.3,35.0,53.0,44.0,20.0,27.0,23.5,4.0,8.0,6.0,6.0,9.0,7.5,3.0,35.0,nan
Styrian Cardinal Hop,8.0,15.0,11.5,3.2,4.6,3.9,2.0,1.0,5.0,1.0,3.0,1.0,nan,nan,nan,31.0,37.0,34.0,3.0,4.0,3.5,40.0,50.0,45.0,15.0,22.0,18.5,8.0,11.0,9.5,5.0,7.0,6.0,10.0,32.0,nan
Styrian Dragon Hop,6.0,11.0,8.5,7.5,8.5,8.0,1.0,1.0,1.0,1.0,1.0,1.0,nan,nan,nan,23.0,24.0,23.5,1.5,2.1,1.8,58.0,63.0,60.5,22.0,33.0,27.5,12.0,16.0,14.0,0.0,1.0,0.5,0.0,8.0,nan
Styrian Eagle Hop,12.5,17.5,15.0,3.5,5.5,4.5,2.0,1.0,5.0,1.0,4.0,1.0,nan,nan,nan,20.0,23.0,21.5,2.5,4.6,3.6,52.0,60.0,56.0,0.0,2.5,1.3,4.0,7.0,5.5,6.0,10.0,8.0,20.5,38.0,nan
Styrian Fox Hop,5.7,12.0,8.9,2.1,4.0,3.1,1.0,1.0,6.0,1.0,4.0,1.0,nan,nan,nan,26.0,30.0,28.0,0.4,1.7,1.1,50.0,60.0,55.0,12.0,14.0,13.0,4.0,6.0,5.0,0.0,1.0,0.5,19.0,34.0,nan
Styrian Golding Hop,3.5,6.5,5.0,2.5,3.5,3.0,1.0,1.0,3.0,1.0,2.0,1.0,nan,nan,28.0,25.0,30.0,27.5,0.5,1.0,0.8,27.0,33.0,30.0,34.0,38.0,36.0,9.0,11.0,10.0,2.0,5.0,3.5,13.0,28.0,nan
Styrian Kolibri Hop,4.0,6.0,5.0,2.8,5.4,4.1,1.0,1.0,2.0,1.0,1.0,1.0,nan,nan,nan,21.0,25.0,23.0,1.0,2.0,1.5,31.0,38.0,34.5,16.0,21.0,18.5,5.0,7.0,6.0,25.0,27.0,26.0,7.0,23.0,nan
Styrian Wolf Hop,10.0,18.5,14.3,2.1,6.0,4.1,2.0,1.0,9.0,1.0,5.0,1.0,nan,nan,nan,22.0,23.0,22.5,0.7,4.5,2.6,60.0,70.0,65.0,5.0,9.0,7.0,2.0,3.0,2.5,4.0,7.0,5.5,11.0,29.0,nan
African Queen Hop,10.0,17.0,13.5,3.9,6.2,5.1,2.0,1.0,4.0,1.0,3.0,1.0,nan,nan,nan,22.0,30.0,26.0,0.7,1.5,1.1,20.0,29.0,24.5,21.0,30.0,25.5,10.0,17.0,13.5,5.0,7.0,6.0,17.0,44.0,nan
Southern Aroma Hop,3.6,7.3,5.5,5.4,6.0,5.7,1.0,1.0,1.0,1.0,1.0,1.0,nan,nan,nan,19.0,25.0,22.0,0.6,0.8,0.7,17.0,28.0,22.5,22.0,23.0,22.5,13.0,15.0,14.0,0.0,1.0,0.5,33.0,48.0,nan
Southern Brewer Hop,8.0,12.0,10.0,2.5,5.0,3.8,2.0,1.0,5.0,1.0,3.0,1.0,nan,nan,nan,38.0,41.0,39.5,0.4,1.5,1.0,nan,nan,nan,nan,nan,nan,nan,nan,nan,nan,nan,nan,nan,nan,nan
Southern Dawn Hop,11.2,13.5,12.4,4.3,5.9,5.1,2.0,1.0,3.0,1.0,3.0,1.0,nan,nan,nan,31.0,33.0,32.0,nan,nan,0.6,22.0,45.0,33.5,17.0,25.0,21.0,8.0,11.0,9.5,4.0,10.0,7.0,9.0,49.0,nan
Southern Passion Hop,11.0,14.2,12.6,4.9,8.0,6.5,1.0,1.0,3.0,1.0,2.0,1.0,nan,nan,nan,16.0,26.0,21.0,0.7,1.3,1.0,20.0,55.0,37.5,14.0,36.0,25.0,8.0,13.0,10.5,1.0,3.0,2.0,0.0,57.0,nan
Southern Promise Hop,9.5,14.5,12.0,3.6,5.8,4.7,2.0,1.0,4.0,1.0,3.0,1.0,nan,nan,nan,20.0,22.0,21.0,0.7,1.1,0.9,21.0,25.0,23.0,23.0,27.0,25.0,7.0,11.0,9.0,0.0,1.0,0.5,36.0,49.0,nan
Southern Star Hop,12.0,18.6,15.3,4.0,7.5,5.8,2.0,1.0,5.0,1.0,3.0,1.0,nan,nan,nan,25.0,31.0,28.0,1.4,1.7,1.6,32.0,38.0,35.0,23.0,27.0,25.0,10.0,14.0,12.0,8.0,12.0,10.0,9.0,27.0,nan
Southern Sublime Hop,10.8,13.4,12.1,nan,nan,4.9,nan,nan,nan,nan,nan,nan,nan,nan,nan,nan,nan,nan,nan,nan,nan,nan,nan,nan,nan,nan,nan,nan,nan,nan,nan,nan,nan,nan,nan,nan
Southern Tropic Hop,12.6,18.1,15.4,5.0,6.5,5.8,2.0,1.0,4.0,1.0,3.0,1.0,nan,nan,nan,26.0,30.0,28.0,nan,nan,1.3,19.0,46.0,32.5,14.0,40.0,27.0,6.0,14.0,10.0,8.0,11.0,9.5,0.0,53.0,nan
XJA2/436 Hop,11.5,16.4,14.0,7.8,8.4,8.1,1.0,1.0,2.0,1.0,2.0,1.0,nan,nan,nan,29.0,30.0,29.5,1.1,1.7,1.4,18.0,30.0,24.0,21.0,35.0,28.0,11.0,13.0,12.0,8.0,18.0,13.0,4.0,42.0,nan
Zagrava Hop,4.0,7.0,5.5,8.0,12.0,10.0,0.0,1.0,1.0,1.0,1.0,1.0,nan,nan,nan,24.0,28.0,26.0,2.0,3.0,2.5,30.0,50.0,40.0,14.0,16.0,15.0,7.0,8.0,7.5,12.0,18.0,15.0,8.0,37.0,nan
Admiral Hop,13.0,16.2,14.6,4.8,6.1,5.5,2.0,1.0,3.0,1.0,3.0,1.0,85.0,0.85,nan,37.0,45.0,41.0,1.0,1.7,1.4,39.0,48.0,43.5,23.0,26.0,24.5,6.0,8.0,7.0,0.0,2.0,1.0,16.0,32.0,nan
Archer Hop,4.0,6.0,5.0,2.0,3.0,2.5,1.0,1.0,3.0,1.0,2.0,1.0,nan,nan,nan,32.0,38.0,35.0,0.6,0.8,0.7,nan,nan,nan,nan,nan,nan,nan,nan,nan,nan,nan,nan,nan,nan,nan
Beata Hop,5.0,7.0,6.0,9.0,11.0,10.0,0.0,1.0,1.0,1.0,1.0,1.0,nan,nan,nan,23.0,28.0,25.5,1.0,1.5,1.3,nan,nan,nan,nan,nan,nan,nan,nan,nan,nan,nan,nan,nan,nan,nan
Boadicea Hop,7.5,10.0,8.8,3.2,4.5,3.9,2.0,1.0,3.0,1.0,2.0,1.0,nan,nan,nan,23.0,29.0,26.0,1.3,2.2,1.8,30.0,40.0,35.0,19.0,21.0,20.0,15.0,19.0,17.0,0.0,5.0,2.5,15.0,36.0,nan
Bramling Cross Hop,5.0,8.0,6.5,2.3,3.2,2.8,2.0,1.0,3.0,1.0,3.0,1.0,nan,nan,nan,33.0,35.0,34.0,0.7,1.2,1.0,nan,nan,nan,nan,nan,nan,nan,nan,nan,nan,nan,nan,100.0,100.0,nan
Challenger Hop,6.5,9.0,7.8,3.0,4.5,3.8,1.0,1.0,3.0,1.0,2.0,1.0,nan,nan,nan,20.0,25.0,22.5,1.0,1.7,1.4,30.0,42.0,36.0,24.0,26.0,25.0,9.0,10.0,9.5,0.0,1.0,0.5,21.0,37.0,nan
Defender Hop,3.3,6.0,4.7,1.1,2.5,1.8,1.0,1.0,5.0,1.0,3.0,1.0,41.0,0.41,nan,23.0,32.0,27.5,0.28,0.98,0.6,30.0,32.0,31.0,34.0,36.0,35.0,13.0,15.0,14.0,3.0,4.0,3.5,13.0,20.0,nan
East Kent Goldings Hop,4.0,6.5,5.3,1.9,3.5,2.7,1.0,1.0,3.0,1.0,2.0,1.0,22.0,0.22,nan,20.0,32.0,26.0,0.4,1.0,0.7,29.0,31.0,30.0,38.0,44.0,41.0,12.0,16.0,14.0,0.0,1.0,0.5,8.0,21.0,nan
Endeavour Hop,5.0,10.6,7.8,3.8,5.3,4.6,1.0,1.0,3.0,1.0,2.0,1.0,nan,nan,nan,30.0,36.0,33.0,1.1,1.8,1.5,nan,nan,nan,nan,nan,nan,nan,nan,nan,nan,nan,nan,nan,nan,nan
Epic Hop,3.0,5.0,4.0,1.7,2.5,2.1,1.0,1.0,3.0,1.0,2.0,1.0,nan,nan,nan,30.0,33.0,31.5,0.4,0.8,0.6,11.0,12.0,11.5,41.0,43.0,42.0,1.0,2.0,1.5,1.0,2.0,1.5,41.0,46.0,nan
Ernest Hop,4.4,6.3,5.4,4.5,5.5,5.0,1.0,1.0,1.0,1.0,1.0,1.0,nan,nan,nan,50.0,55.0,52.5,0.7,1.1,0.9,50.0,60.0,55.0,8.0,12.0,10.0,0.0,1.0,0.5,0.0,1.0,0.5,26.0,42.0,nan
First Gold Hop,5.6,10.0,7.8,2.3,4.1,3.2,1.0,1.0,4.0,1.0,3.0,1.0,nan,nan,nan,29.0,35.0,32.0,0.7,1.5,1.1,24.0,28.0,26.0,20.0,24.0,22.0,6.0,7.0,6.5,2.0,4.0,3.0,37.0,48.0,nan
Flyer Hop,8.3,14.5,11.4,4.1,6.0,5.1,1.0,1.0,4.0,1.0,2.0,1.0,nan,nan,nan,26.0,35.0,30.5,nan,nan,0.6,17.0,25.0,21.0,22.0,23.0,22.5,0.0,1.0,0.5,0.0,1.0,0.5,50.0,61.0,nan
Fuggle Hop,2.4,6.1,4.3,2.1,3.5,2.8,1.0,1.0,3.0,1.0,2.0,1.0,nan,nan,nan,25.0,32.0,28.5,0.44,1.0,0.7,15.0,25.0,20.0,30.0,40.0,35.0,11.0,15.0,13.0,5.0,8.0,6.5,12.0,39.0,nan
Godiva Hop,6.0,9.0,7.5,1.9,3.0,2.5,2.0,1.0,5.0,1.0,3.0,1.0,nan,nan,nan,25.0,29.0,27.0,0.4,0.8,0.6,nan,nan,nan,nan,nan,nan,nan,nan,nan,nan,nan,nan,nan,nan,nan
Hallertau Taurus Hop,12.0,17.9,15.0,4.0,6.0,5.0,2.0,1.0,4.0,1.0,3.0,1.0,nan,nan,35.0,20.0,25.0,22.5,0.9,1.5,1.2,29.0,31.0,30.0,30.0,31.0,30.5,7.0,9.0,8.0,0.0,1.0,0.5,28.0,34.0,nan
Harlequin Hop,9.0,12.0,10.5,7.0,9.0,8.0,1.0,1.0,2.0,1.0,1.0,1.0,nan,nan,nan,27.0,31.0,29.0,1.0,1.6,1.3,nan,nan,nan,nan,nan,nan,nan,nan,nan,nan,nan,nan,nan,nan,nan
Herald Hop,9.0,13.0,11.0,4.5,5.5,5.0,2.0,1.0,3.0,1.0,2.0,1.0,nan,nan,nan,35.0,37.0,36.0,1.0,1.9,1.5,39.0,41.0,40.0,14.0,16.0,15.0,6.0,8.0,7.0,0.0,1.0,0.5,34.0,41.0,nan
Jester Hop,7.0,9.0,8.0,4.0,6.0,5.0,1.0,1.0,2.0,1.0,2.0,1.0,nan,nan,nan,23.0,28.0,25.5,0.6,1.2,0.9,nan,nan,nan,nan,nan,nan,nan,nan,nan,nan,nan,nan,nan,nan,nan
Minstrel Hop,5.0,7.0,6.0,3.0,3.5,3.3,1.0,1.0,2.0,1.0,2.0,1.0,nan,nan,nan,22.0,26.0,24.0,0.5,0.7,0.6,nan,nan,nan,nan,nan,nan,nan,nan,nan,nan,nan,nan,nan,nan,nan
Mystic Hop,4.0,7.0,5.5,2.0,4.0,3.0,1.0,1.0,4.0,1.0,2.0,1.0,nan,nan,nan,30.0,40.0,35.0,0.5,1.5,1.0,30.0,40.0,35.0,30.0,40.0,35.0,0.0,0.0,0.0,0.0,1.0,0.5,19.0,40.0,nan
Olicana Hop,7.0,9.0,8.0,4.0,6.0,5.0,1.0,1.0,2.0,1.0,2.0,1.0,nan,nan,nan,28.0,32.0,30.0,nan,nan,0.5,nan,nan,nan,nan,nan,nan,nan,nan,nan,nan,nan,nan,nan,nan,nan
Omega Hop,9.0,10.0,9.5,3.0,4.0,3.5,2.0,1.0,3.0,1.0,3.0,1.0,22.0,0.22,nan,nan,nan,29.0,nan,nan,1.7,52.0,54.0,53.0,16.0,18.0,17.0,4.0,6.0,5.0,0.0,1.0,0.5,21.0,28.0,nan
Phoenix Hop,8.0,13.5,10.8,3.3,5.5,4.4,1.0,1.0,4.0,1.0,3.0,1.0,nan,nan,nan,24.0,33.0,28.5,1.2,3.0,2.1,23.0,25.0,24.0,29.0,31.0,30.0,10.0,12.0,11.0,1.0,2.0,1.5,30.0,37.0,nan
Pilgrim Hop,9.0,13.0,11.0,4.2,5.5,4.9,2.0,1.0,3.0,1.0,2.0,1.0,nan,nan,nan,36.0,38.0,37.0,1.0,1.8,1.4,nan,nan,nan,nan,nan,nan,nan,nan,nan,nan,nan,nan,nan,nan,nan
Pilot Hop,8.0,11.5,9.8,3.3,5.0,4.2,2.0,1.0,3.0,1.0,3.0,1.0,nan,nan,nan,28.0,37.0,32.5,0.8,1.5,1.2,nan,nan,nan,nan,nan,nan,nan,nan,nan,nan,nan,nan,nan,nan,nan
Pioneer Hop,8.0,10.5,9.3,3.5,4.5,4.0,2.0,1.0,3.0,1.0,2.0,1.0,nan,nan,nan,36.0,40.0,38.0,1.0,1.8,1.4,nan,nan,nan,nan,nan,nan,nan,nan,nan,nan,nan,nan,nan,nan,nan
Progress Hop,5.0,7.5,6.3,1.8,2.7,2.3,2.0,1.0,4.0,1.0,3.0,1.0,nan,nan,nan,25.0,27.0,26.0,0.5,0.8,0.7,25.0,30.0,27.5,40.0,47.0,43.5,12.0,15.0,13.5,0.0,1.0,0.5,7.0,23.0,nan
Sovereign Hop,4.5,6.5,5.5,2.1,3.1,2.6,1.0,1.0,3.0,1.0,2.0,1.0,nan,nan,nan,26.0,30.0,28.0,0.6,1.0,0.8,20.0,31.0,25.5,20.0,27.0,23.5,7.0,9.0,8.0,3.0,4.0,3.5,29.0,50.0,nan
Sussex Hop,4.3,5.8,5.1,2.4,3.2,2.8,1.0,1.0,2.0,1.0,2.0,1.0,nan,nan,nan,29.0,32.0,30.5,0.4,0.6,0.5,nan,nan,nan,nan,nan,nan,nan,nan,nan,nan,nan,nan,nan,nan,nan
Target Hop,8.5,13.5,11.0,4.3,5.7,5.0,1.0,1.0,3.0,1.0,2.0,1.0,nan,nan,nan,35.0,40.0,37.5,1.0,1.4,1.2,45.0,55.0,50.0,17.0,23.0,20.0,8.0,10.0,9.0,0.0,1.0,0.5,11.0,30.0,nan
Whitbread Golding Variety (WGV) ,5.4,7.7,6.6,2.0,3.5,2.8,2.0,1.0,4.0,1.0,3.0,1.0,nan,nan,nan,35.0,43.0,39.0,0.8,1.2,1.0,19.0,27.0,23.0,35.0,42.0,38.5,11.0,15.0,13.0,1.0,2.0,1.5,14.0,34.0,nan
Yeoman Hop,12.0,16.0,14.0,4.0,5.0,4.5,2.0,1.0,4.0,1.0,3.0,1.0,nan,nan,nan,nan,nan,25.0,1.7,2.4,2.1,47.0,49.0,48.0,19.0,21.0,20.0,9.0,10.0,9.5,0.0,1.0,0.5,19.0,25.0,nan
Adeena Hop,3.5,5.0,4.3,3.0,4.0,3.5,1.0,1.0,2.0,1.0,1.0,1.0,nan,nan,nan,34.0,38.0,36.0,0.8,1.1,1.0,27.0,30.0,28.5,31.0,45.0,38.0,15.0,22.0,18.5,4.0,7.0,5.5,0.0,23.0,nan
Ahhhroma Hop,15.4,18.8,17.1,6.0,9.0,7.5,2.0,1.0,3.0,1.0,2.0,1.0,nan,nan,nan,34.0,35.0,34.5,2.1,4.0,3.1,55.0,56.0,55.5,12.0,13.0,12.5,6.0,7.0,6.5,0.0,1.0,0.5,23.0,27.0,nan
Ahtanum Hop,3.5,6.5,5.0,4.0,6.5,5.3,1.0,1.0,2.0,1.0,1.0,1.0,70.0,0.7,nan,30.0,35.0,32.5,0.5,1.7,1.1,45.0,55.0,50.0,15.0,22.0,18.5,9.0,12.0,10.5,0.0,1.0,0.5,10.0,31.0,nan
Aloha Blend Hop,8.8,10.3,9.6,nan,nan,193.0,nan,nan,nan,nan,nan,nan,nan,nan,nan,nan,nan,nan,nan,nan,nan,nan,nan,nan,nan,nan,nan,nan,nan,nan,nan,nan,nan,nan,nan,nan
Altus Hop,15.0,18.5,16.8,4.0,5.2,4.6,3.0,1.0,5.0,1.0,4.0,1.0,nan,nan,nan,26.0,29.0,27.5,3.0,4.4,3.7,nan,nan,nan,nan,nan,nan,nan,nan,nan,nan,nan,nan,nan,nan,nan
Amarillo Hop,7.0,11.0,9.0,5.5,8.0,6.8,1.0,1.0,2.0,1.0,1.0,1.0,nan,nan,32.0,21.0,24.0,22.5,1.0,2.3,1.7,40.0,70.0,55.0,19.0,24.0,21.5,7.0,10.0,8.5,6.0,9.0,7.5,0.0,28.0,nan
Apollo Hop,15.0,20.5,17.8,5.5,8.0,6.8,2.0,1.0,4.0,1.0,3.0,1.0,nan,nan,15.0,23.0,28.0,25.5,0.8,2.5,1.7,30.0,50.0,40.0,20.0,35.0,27.5,14.0,20.0,17.0,0.0,1.0,0.5,0.0,36.0,nan
Aquila Hop,6.5,8.9,7.7,3.0,4.9,4.0,1.0,1.0,3.0,1.0,2.0,1.0,60.0,0.6,nan,nan,nan,46.0,nan,nan,1.5,61.0,63.0,62.0,1.0,3.0,2.0,4.0,6.0,5.0,2.0,3.0,2.5,25.0,32.0,nan
Arcadian Hop,nan,nan,9.8,nan,nan,7.5,nan,nan,nan,nan,nan,nan,nan,nan,nan,nan,nan,nan,nan,nan,nan,nan,nan,nan,nan,nan,nan,nan,nan,nan,nan,nan,nan,nan,nan,nan
Azacca Hop,14.0,16.0,15.0,4.0,5.5,4.8,3.0,1.0,4.0,1.0,3.0,1.0,24.0,0.241,nan,38.0,45.0,41.5,1.6,2.5,2.1,46.0,55.0,50.5,14.0,18.0,16.0,8.0,12.0,10.0,0.0,1.0,0.5,14.0,32.0,nan
Banner Hop,8.4,13.1,10.8,5.3,8.0,6.7,1.0,1.0,2.0,1.0,2.0,1.0,57.0,0.57,nan,nan,nan,34.0,nan,nan,2.2,nan,nan,nan,nan,nan,nan,nan,nan,nan,nan,nan,nan,nan,nan,nan
Belma Hop,8.5,12.1,10.3,4.0,8.0,6.0,1.0,1.0,3.0,1.0,2.0,1.0,28.0,0.275,nan,nan,nan,nan,1.0,2.5,1.8,nan,nan,nan,nan,nan,nan,nan,nan,nan,nan,nan,nan,nan,nan,nan
Bergamot Hop,8.0,10.7,9.4,6.0,8.9,7.5,1.0,1.0,2.0,1.0,1.0,1.0,nan,nan,nan,39.0,40.0,39.5,nan,nan,2.3,44.0,45.0,44.5,14.0,15.0,14.5,9.0,10.0,9.5,0.0,1.0,0.5,29.0,33.0,nan
Bianca Hop,7.0,8.0,7.5,nan,nan,3.4,nan,nan,nan,nan,nan,nan,nan,nan,nan,nan,nan,nan,nan,nan,nan,nan,nan,nan,nan,nan,nan,nan,nan,nan,nan,nan,nan,nan,nan,nan
Bitter Gold Hop,12.0,18.8,15.4,4.5,8.0,6.3,2.0,1.0,4.0,1.0,3.0,1.0,nan,nan,nan,36.0,41.0,38.5,0.8,3.9,2.4,45.0,68.0,56.5,7.0,18.0,12.5,7.0,11.0,9.0,0.0,2.0,1.0,1.0,41.0,nan
Bravo Hop,13.0,18.0,15.5,3.0,5.5,4.3,2.0,1.0,6.0,1.0,4.0,1.0,30.0,0.3,nan,28.0,35.0,31.5,1.6,3.5,2.6,25.0,60.0,42.5,8.0,20.0,14.0,6.0,8.0,7.0,0.0,1.0,0.5,11.0,61.0,nan
Brewer's Gold (US) Hop,8.0,11.0,9.5,4.0,6.5,5.3,1.0,1.0,3.0,1.0,2.0,1.0,nan,nan,nan,40.0,48.0,44.0,1.5,3.0,2.3,40.0,60.0,50.0,12.0,18.0,15.0,8.0,12.0,10.0,0.0,1.0,0.5,9.0,40.0,nan
BRU-1 Hop,13.0,15.0,14.0,8.0,10.0,9.0,1.0,1.0,2.0,1.0,2.0,1.0,nan,nan,nan,35.0,37.0,36.0,1.5,2.0,1.8,50.0,55.0,52.5,7.0,8.0,7.5,9.0,11.0,10.0,0.0,1.0,0.5,25.0,34.0,nan
Bullion Hop,5.3,12.5,8.9,4.5,6.5,5.5,1.0,1.0,3.0,1.0,2.0,1.0,nan,nan,nan,47.0,50.0,48.5,1.0,2.0,1.5,40.0,55.0,47.5,15.0,25.0,20.0,9.0,14.0,11.5,0.0,1.0,0.5,5.0,36.0,nan
Buzz Bullets Hop,8.0,10.0,9.0,5.0,6.0,5.5,1.0,1.0,2.0,1.0,2.0,1.0,nan,nan,nan,nan,nan,nan,nan,nan,nan,nan,nan,nan,nan,nan,nan,nan,nan,nan,nan,nan,nan,nan,nan,nan
Caliente Hop,14.0,16.0,15.0,nan,nan,4.3,nan,nan,nan,nan,nan,nan,nan,nan,nan,nan,nan,nan,nan,nan,nan,nan,nan,nan,nan,nan,nan,nan,nan,nan,nan,nan,nan,nan,nan,nan
Calypso Hop,12.0,16.0,14.0,5.0,6.0,5.5,2.0,1.0,3.0,1.0,3.0,1.0,nan,nan,33.0,38.0,42.0,40.0,1.5,2.5,2.0,30.0,45.0,37.5,20.0,35.0,27.5,9.0,15.0,12.0,0.0,1.0,0.5,4.0,41.0,nan
Cascade Hop,4.5,9.0,6.8,4.8,7.5,6.2,1.0,1.0,2.0,1.0,1.0,1.0,nan,nan,36.0,30.0,40.0,35.0,0.7,2.5,1.6,45.0,60.0,52.5,8.0,20.0,14.0,3.0,9.0,6.0,3.0,9.0,6.0,2.0,41.0,nan
Cashmere Hop,7.7,9.1,8.4,3.3,7.1,5.2,1.0,1.0,3.0,1.0,2.0,1.0,nan,nan,26.0,22.0,24.0,23.0,1.2,1.4,1.3,39.0,42.0,40.5,26.0,29.0,27.5,11.0,13.0,12.0,0.0,1.0,0.5,15.0,24.0,nan
Centennial Hop,7.0,12.0,9.5,3.5,5.5,4.5,1.0,1.0,3.0,1.0,2.0,1.0,nan,nan,29.0,23.0,30.0,26.5,1.0,3.0,2.0,55.0,65.0,60.0,10.0,20.0,15.0,5.0,7.0,6.0,0.0,1.0,0.5,7.0,30.0,nan
Chelan Hop,12.0,15.0,13.5,8.5,10.0,9.3,1.0,1.0,2.0,1.0,1.0,1.0,nan,nan,nan,33.0,35.0,34.0,1.5,1.9,1.7,45.0,55.0,50.0,12.0,15.0,13.5,9.0,12.0,10.5,0.0,1.0,0.5,17.0,34.0,nan
Chinook Hop,11.5,15.0,13.3,3.0,4.0,3.5,3.0,1.0,5.0,1.0,4.0,1.0,nan,nan,29.0,27.0,35.0,31.0,1.0,2.7,1.9,20.0,30.0,25.0,18.0,24.0,21.0,9.0,11.0,10.0,0.0,1.0,0.5,34.0,53.0,nan
Citra Hop,10.0,15.0,12.5,3.0,4.5,3.8,2.0,1.0,5.0,1.0,4.0,1.0,nan,nan,27.0,20.0,35.0,27.5,1.5,3.0,2.3,60.0,70.0,65.0,7.0,13.0,10.0,5.0,8.0,6.5,0.0,1.0,0.5,8.0,28.0,nan
Cluster Hop,5.5,9.0,7.3,4.5,6.0,5.3,1.0,1.0,2.0,1.0,1.0,1.0,nan,nan,nan,33.0,43.0,38.0,0.4,1.0,0.7,38.0,46.0,42.0,15.0,20.0,17.5,8.0,10.0,9.0,0.0,1.0,0.5,23.0,39.0,nan
Cluster Fugget Blend Hop,8.0,8.2,8.1,4.0,4.2,4.1,2.0,1.0,2.0,1.0,2.0,1.0,nan,nan,nan,30.0,37.0,33.5,0.9,1.0,1.0,26.0,27.0,26.5,27.0,28.0,27.5,11.0,12.0,11.5,1.0,2.0,1.5,31.0,35.0,nan
Columbia Hop,5.0,9.0,7.0,3.0,4.0,3.5,1.0,1.0,3.0,1.0,2.0,1.0,nan,nan,nan,nan,nan,40.0,1.0,2.0,1.5,45.0,55.0,50.0,15.0,19.0,17.0,9.0,12.0,10.5,3.0,5.0,4.0,9.0,28.0,nan
Columbus Hop,14.0,18.0,16.0,4.5,6.0,5.3,2.0,1.0,4.0,1.0,3.0,1.0,nan,nan,45.0,28.0,35.0,31.5,2.5,4.5,3.5,45.0,55.0,50.0,9.0,14.0,11.5,6.0,10.0,8.0,0.0,1.0,0.5,20.0,40.0,nan
Comet Hop,8.0,12.4,10.2,3.0,6.1,4.6,1.0,1.0,4.0,1.0,3.0,1.0,33.0,0.326,nan,34.0,45.0,39.5,1.0,3.3,2.2,40.0,65.0,52.5,1.0,2.0,1.5,5.0,15.0,10.0,0.0,1.0,0.5,17.0,54.0,nan
Contessa Hop,3.0,5.0,4.0,5.0,7.4,6.2,0.0,1.0,1.0,1.0,1.0,1.0,nan,nan,nan,29.0,32.0,30.5,0.8,1.9,1.4,nan,nan,nan,nan,nan,nan,nan,nan,nan,nan,nan,nan,nan,nan,nan
Crystal Hop,2.8,6.0,4.4,4.5,8.5,6.5,0.0,1.0,1.0,1.0,1.0,1.0,nan,nan,30.0,20.0,26.0,23.0,0.8,2.3,1.6,30.0,55.0,42.5,20.0,30.0,25.0,5.0,12.0,8.5,0.0,1.0,0.5,2.0,45.0,nan
CTZ Hop,14.5,17.0,15.8,4.5,5.5,5.0,3.0,1.0,4.0,1.0,3.0,1.0,25.0,0.249,nan,28.0,35.0,31.5,2.5,4.5,3.5,45.0,55.0,50.0,9.0,14.0,11.5,6.0,10.0,8.0,0.0,1.0,0.5,20.0,40.0,nan
Delta Hop,5.5,7.0,6.3,5.5,7.0,6.3,1.0,1.0,1.0,1.0,1.0,1.0,nan,nan,15.0,22.0,24.0,23.0,0.5,1.1,0.8,25.0,40.0,32.5,25.0,35.0,30.0,9.0,15.0,12.0,0.0,1.0,0.5,9.0,41.0,nan
Diamond Springs Hop,nan,nan,4.83,nan,nan,3.18,nan,nan,nan,nan,nan,nan,nan,nan,nan,nan,nan,nan,nan,nan,nan,nan,nan,nan,nan,nan,nan,nan,nan,nan,nan,nan,nan,nan,nan,nan
Ekuanot Hop,13.0,15.5,14.3,4.0,5.5,4.8,2.0,1.0,4.0,1.0,3.0,1.0,nan,nan,nan,31.0,38.0,34.5,2.0,4.5,3.3,30.0,45.0,37.5,12.0,20.0,16.0,8.0,12.0,10.0,0.0,1.0,0.5,22.0,50.0,nan
El Dorado Hop,13.0,17.0,15.0,6.4,8.0,7.2,2.0,1.0,3.0,1.0,2.0,1.0,nan,nan,36.0,28.0,33.0,30.5,2.5,3.3,2.9,55.0,60.0,57.5,10.0,15.0,12.5,6.0,8.0,7.0,0.0,1.0,0.5,16.0,29.0,nan
Emerald Spire Hop,8.6,13.0,10.8,3.5,4.5,4.0,2.0,1.0,4.0,1.0,3.0,1.0,nan,nan,nan,38.0,39.0,38.5,nan,nan,1.6,36.0,37.0,36.5,10.0,11.0,10.5,7.0,8.0,7.5,0.0,1.0,0.5,43.0,47.0,nan
Equinox Hop,14.5,15.5,15.0,4.5,5.5,5.0,3.0,1.0,3.0,1.0,3.0,1.0,nan,nan,nan,32.0,38.0,35.0,2.5,4.5,3.5,nan,nan,nan,nan,nan,nan,nan,nan,nan,nan,nan,nan,nan,nan,nan
Eroica Hop,7.3,14.9,11.1,3.0,5.3,4.2,1.0,1.0,5.0,1.0,3.0,1.0,nan,nan,nan,nan,nan,40.0,0.8,1.3,1.1,55.0,65.0,60.0,0.0,1.0,0.5,7.0,13.0,10.0,0.0,1.0,0.5,20.0,38.0,nan
Eureka Hop,17.0,20.0,18.5,4.5,6.0,5.3,3.0,1.0,4.0,1.0,4.0,1.0,nan,nan,nan,27.0,30.0,28.5,2.5,4.4,3.5,42.0,44.0,43.0,29.0,30.0,29.5,0.0,1.0,0.5,0.0,1.0,0.5,24.0,29.0,nan
Evergreen Blend Hop,7.0,7.5,7.3,4.3,4.5,4.4,2.0,1.0,2.0,1.0,2.0,1.0,nan,nan,nan,nan,nan,nan,nan,nan,1.2,30.0,32.0,31.0,20.0,22.0,21.0,10.0,12.0,11.0,1.0,3.0,2.0,31.0,39.0,nan
Falconer's Flight Hop,9.5,12.0,10.8,4.0,5.0,4.5,2.0,1.0,3.0,1.0,2.0,1.0,28.0,0.281,nan,20.0,29.0,24.5,1.4,3.0,2.2,43.0,62.0,52.5,11.0,17.0,14.0,5.0,9.0,7.0,1.0,2.0,1.5,10.0,40.0,nan
Falconer's Flight 7CS Hop,9.0,10.5,9.8,4.7,5.1,4.9,2.0,1.0,2.0,1.0,2.0,1.0,nan,nan,nan,nan,nan,48.0,1.3,2.0,1.7,40.0,55.0,47.5,13.0,18.0,15.5,7.0,10.0,8.5,0.0,1.0,0.5,16.0,40.0,nan
Fantasia Blend Hop,4.3,6.5,5.4,nan,nan,193.0,nan,nan,nan,nan,nan,nan,nan,nan,nan,nan,nan,nan,nan,nan,nan,nan,nan,nan,nan,nan,nan,nan,nan,nan,nan,nan,nan,nan,nan,nan
Galena Hop,12.0,15.5,13.8,7.2,8.7,8.0,1.0,1.0,2.0,1.0,2.0,1.0,23.0,0.232,nan,36.0,40.0,38.0,0.9,2.1,1.5,40.0,50.0,45.0,11.0,17.0,14.0,5.0,9.0,7.0,0.0,1.0,0.5,23.0,44.0,nan
Gemini Hop,6.0,10.4,8.2,3.0,4.28,3.6,1.0,1.0,3.0,1.0,2.0,1.0,nan,nan,nan,31.0,32.0,31.5,nan,nan,1.1,32.0,33.0,32.5,11.0,12.0,11.5,4.0,5.0,4.5,0.0,1.0,0.5,49.0,53.0,nan
Glacier Hop,3.3,9.7,6.5,5.4,10.0,7.7,0.0,1.0,2.0,1.0,1.0,1.0,24.0,0.242,nan,11.0,16.0,13.5,0.5,1.5,1.0,35.0,45.0,40.0,25.0,35.0,30.0,8.0,13.0,10.5,0.0,1.0,0.5,6.0,32.0,nan
Golding Hop,4.0,6.0,5.0,2.0,3.0,2.5,1.0,1.0,3.0,1.0,2.0,1.0,nan,nan,nan,nan,nan,20.0,0.4,1.0,0.7,25.0,35.0,30.0,35.0,45.0,40.0,13.0,16.0,14.5,0.0,1.0,0.5,3.0,27.0,nan
Grungeist Hop,nan,nan,2.9,nan,nan,9.0,nan,nan,nan,nan,nan,nan,nan,nan,nan,nan,nan,nan,nan,nan,nan,nan,nan,nan,nan,nan,nan,nan,nan,nan,nan,nan,nan,nan,nan,nan
Hallertau (US) Hop,3.5,6.5,5.0,2.5,6.5,4.5,1.0,1.0,3.0,1.0,2.0,1.0,nan,nan,nan,18.0,26.0,22.0,0.6,1.5,1.1,35.0,44.0,39.5,30.0,38.0,34.0,10.0,12.0,11.0,0.0,1.0,0.5,5.0,25.0,nan
Hartwick Hop,nan,nan,12.28,nan,nan,5.77,nan,nan,nan,nan,nan,nan,nan,nan,nan,nan,nan,nan,nan,nan,nan,nan,nan,nan,nan,nan,nan,nan,nan,nan,nan,nan,nan,nan,nan,nan
HBC 472 Hop,7.0,12.0,9.5,7.0,9.0,8.0,1.0,1.0,2.0,1.0,1.0,1.0,nan,nan,nan,40.0,45.0,42.5,1.3,3.0,2.2,35.0,45.0,40.0,0.5,2.0,1.3,26.0,32.0,29.0,3.0,6.0,4.5,15.0,35.5,nan
HBC 586 Hop,18.0,22.0,20.0,11.0,14.0,12.5,1.0,1.0,2.0,1.0,2.0,1.0,nan,nan,nan,35.0,40.0,37.5,2.5,4.5,3.5,55.0,65.0,60.0,8.0,12.0,10.0,8.0,10.0,9.0,0.0,1.0,0.5,12.0,29.0,nan
HBC 630 Hop,12.0,15.0,13.5,5.0,7.0,6.0,2.0,1.0,3.0,1.0,2.0,1.0,nan,nan,nan,20.0,26.0,23.0,1.5,3.0,2.3,40.0,50.0,45.0,15.0,20.0,17.5,11.0,15.0,13.0,0.0,1.0,0.5,14.0,34.0,nan
HBC 692 Hop,8.9,9.5,9.2,8.3,10.2,9.3,1.0,1.0,1.0,1.0,1.0,1.0,nan,nan,21.0,nan,nan,nan,1.0,2.2,1.6,nan,nan,nan,nan,nan,nan,nan,nan,nan,nan,nan,nan,nan,nan,nan
Helios Hop,16.8,21.0,18.9,3.5,4.5,4.0,4.0,1.0,6.0,1.0,5.0,1.0,nan,nan,nan,26.0,29.0,27.5,1.5,2.0,1.8,40.0,70.0,55.0,19.0,24.0,21.5,7.0,10.0,8.5,4.0,6.0,5.0,0.0,30.0,nan
Horizon Hop,8.8,12.0,10.4,5.5,7.5,6.5,1.0,1.0,2.0,1.0,2.0,1.0,nan,nan,nan,16.0,19.0,17.5,0.5,1.5,1.0,45.0,55.0,50.0,10.0,20.0,15.0,8.0,14.0,11.0,3.0,5.0,4.0,6.0,34.0,nan
Hydra Hop,10.5,13.7,12.1,6.4,7.9,7.2,1.0,1.0,2.0,1.0,2.0,1.0,nan,nan,nan,27.0,28.0,27.5,nan,nan,1.9,54.0,55.0,54.5,11.0,12.0,11.5,8.0,9.0,8.5,0.0,1.0,0.5,23.0,27.0,nan
Idaho 7 Hop,9.5,14.9,12.2,3.5,5.0,4.3,2.0,1.0,4.0,1.0,3.0,1.0,nan,nan,nan,30.0,40.0,35.0,1.0,2.0,1.5,45.0,55.0,50.0,10.0,20.0,15.0,6.0,10.0,8.0,0.0,1.0,0.5,14.0,39.0,nan
Idaho Gem Hop,11.0,14.0,12.5,5.0,7.0,6.0,2.0,1.0,3.0,1.0,2.0,1.0,28.0,0.276,nan,40.0,45.0,42.5,1.3,2.3,1.8,nan,nan,nan,nan,nan,nan,nan,nan,nan,nan,nan,nan,nan,nan,nan
Independence Hop,nan,nan,4.7,nan,nan,1.5,nan,nan,nan,nan,nan,nan,nan,nan,nan,nan,nan,nan,nan,nan,nan,nan,nan,nan,nan,nan,nan,nan,nan,nan,nan,nan,nan,nan,nan,nan
Jarrylo Hop,15.0,17.0,16.0,6.0,7.5,6.8,2.0,1.0,3.0,1.0,2.0,1.0,nan,nan,nan,34.0,37.0,35.5,3.6,4.3,4.0,40.0,55.0,47.5,15.0,18.0,16.5,8.0,11.0,9.5,0.0,1.0,0.5,15.0,37.0,nan
Lambic Hop,1.0,2.0,1.5,2.8,5.0,3.9,0.0,1.0,1.0,1.0,0.0,1.0,nan,nan,nan,29.0,35.0,32.0,0.8,1.2,1.0,nan,nan,nan,nan,nan,nan,nan,nan,nan,nan,nan,nan,nan,nan,nan
Lawton Hop,3.5,4.0,3.8,3.0,3.2,3.1,1.0,1.0,1.0,1.0,1.0,1.0,nan,nan,nan,nan,nan,nan,nan,nan,0.3,nan,nan,nan,nan,nan,nan,nan,nan,nan,nan,nan,nan,nan,nan,nan
Lemondrop Hop,5.0,7.0,6.0,4.0,6.0,5.0,1.0,1.0,2.0,1.0,1.0,1.0,nan,nan,nan,28.0,34.0,31.0,0.8,2.0,1.4,45.0,47.0,46.0,56.0,58.0,57.0,9.0,10.0,9.5,6.0,7.0,6.5,nan,nan,nan
Liberty Hop,3.0,6.5,4.8,3.0,4.0,3.5,1.0,1.0,2.0,1.0,1.0,1.0,nan,nan,nan,22.0,30.0,26.0,0.6,1.8,1.2,15.0,25.0,20.0,35.0,45.0,40.0,10.0,15.0,12.5,0.0,1.0,0.5,14.0,40.0,nan
Loral Hop,10.0,17.0,13.5,1.5,6.5,4.0,2.0,1.0,11.0,1.0,6.0,1.0,nan,nan,nan,20.0,24.0,22.0,1.5,3.4,2.5,52.0,58.0,55.0,17.0,18.0,17.5,5.0,6.0,5.5,0.0,1.0,0.5,17.0,26.0,nan
Lotus Hop,13.0,17.0,15.0,5.0,6.0,5.5,2.0,1.0,3.0,1.0,3.0,1.0,nan,nan,nan,33.0,39.0,36.0,1.5,2.5,2.0,nan,nan,nan,nan,nan,nan,nan,nan,nan,nan,nan,nan,nan,nan,nan
Mackinac Hop,9.0,14.0,11.5,2.8,4.0,3.4,2.0,1.0,5.0,1.0,4.0,1.0,nan,nan,nan,28.0,35.0,31.5,1.5,2.2,1.9,15.0,17.0,16.0,11.0,12.0,11.5,4.0,5.0,4.5,1.0,2.0,1.5,64.0,69.0,nan
Magnum (US) Hop,10.0,16.0,13.0,4.5,7.0,5.8,1.0,1.0,4.0,1.0,2.0,1.0,nan,nan,18.0,21.0,30.0,25.5,1.6,3.0,2.3,30.0,45.0,37.5,30.0,45.0,37.5,8.0,12.0,10.0,0.0,1.0,0.5,0.0,32.0,nan
McKenzie Hop,9.0,11.0,10.0,8.0,9.0,8.5,1.0,1.0,1.0,1.0,1.0,1.0,nan,nan,nan,nan,nan,nan,2.0,3.0,2.5,nan,nan,nan,nan,nan,nan,nan,nan,nan,nan,nan,nan,nan,nan,nan
Medusa Hop,3.0,5.0,4.0,5.0,6.5,5.8,0.0,1.0,1.0,1.0,1.0,1.0,nan,nan,nan,35.0,49.0,42.0,0.4,0.7,0.6,54.0,55.0,54.5,9.0,10.0,9.5,13.0,14.0,13.5,1.0,2.0,1.5,19.0,23.0,nan
Meridian Hop,5.0,7.0,6.0,6.0,9.0,7.5,1.0,1.0,1.0,1.0,1.0,1.0,nan,nan,nan,45.0,50.0,47.5,1.0,1.6,1.3,29.0,31.0,30.0,7.0,9.0,8.0,3.0,4.0,3.5,0.0,1.0,0.5,55.0,61.0,nan
Michigan Copper Hop,8.8,11.0,9.9,2.0,3.5,2.8,3.0,1.0,6.0,1.0,4.0,1.0,nan,nan,nan,32.0,36.0,34.0,1.15,2.7,1.9,42.0,44.0,43.0,17.0,18.0,17.5,7.0,8.0,7.5,0.0,1.0,0.5,29.0,34.0,nan
Millennium Hop,14.5,18.5,16.5,4.3,6.5,5.4,2.0,1.0,4.0,1.0,3.0,1.0,24.0,0.24,nan,28.0,35.0,31.5,1.5,3.0,2.3,35.0,55.0,45.0,15.0,25.0,20.0,8.0,10.0,9.0,0.0,1.0,0.5,9.0,42.0,nan
Mosaic Hop,11.5,13.5,12.5,3.2,3.9,3.6,3.0,1.0,4.0,1.0,4.0,1.0,nan,nan,26.0,24.0,26.0,25.0,1.0,1.5,1.3,47.0,55.0,51.0,10.0,16.0,13.0,3.0,8.0,5.5,0.0,1.0,0.5,20.0,40.0,nan
Mount Hood Hop,3.9,8.0,6.0,5.0,8.0,6.5,0.0,1.0,2.0,1.0,1.0,1.0,nan,nan,36.0,21.0,23.0,22.0,1.2,1.7,1.5,30.0,40.0,35.0,12.0,38.0,25.0,7.0,16.0,11.5,0.0,1.0,0.5,5.0,51.0,nan
Mount Rainier Hop,5.0,9.4,7.2,5.0,9.2,7.1,1.0,1.0,2.0,1.0,1.0,1.0,nan,nan,nan,21.0,34.0,27.5,0.2,3.9,2.1,58.0,59.0,58.5,17.0,18.0,17.5,7.0,8.0,7.5,0.0,1.0,0.5,14.0,18.0,nan
Multihead Hop,3.5,4.5,4.0,5.5,8.0,6.8,0.0,1.0,1.0,1.0,1.0,1.0,nan,nan,nan,nan,nan,45.0,0.5,1.5,1.0,nan,nan,nan,nan,nan,nan,nan,nan,nan,nan,nan,nan,nan,nan,nan
Newport Hop,10.5,17.0,13.8,5.5,9.1,7.3,1.0,1.0,3.0,1.0,2.0,1.0,23.0,0.225,nan,36.0,38.0,37.0,1.3,3.6,2.5,45.0,55.0,50.0,15.0,20.0,17.5,7.0,11.0,9.0,0.0,1.0,0.5,13.0,33.0,nan
Nobility Blend Hop,4.2,4.5,4.4,4.9,5.3,5.1,1.0,1.0,1.0,1.0,1.0,1.0,nan,nan,nan,nan,nan,27.0,nan,nan,0.7,34.0,38.0,36.0,22.0,23.0,22.5,26.0,28.0,27.0,6.0,8.0,7.0,3.0,12.0,nan
Northdown Hop,7.0,10.0,8.5,4.0,5.5,4.8,1.0,1.0,3.0,1.0,2.0,1.0,nan,nan,nan,24.0,32.0,28.0,1.2,2.5,1.9,23.0,29.0,26.0,40.0,45.0,42.5,13.0,17.0,15.0,0.0,1.0,0.5,8.0,24.0,nan
Northern Brewer (US) Hop,7.0,10.0,8.5,3.0,5.5,4.3,1.0,1.0,3.0,1.0,2.0,1.0,nan,nan,nan,27.0,34.0,30.5,1.0,2.0,1.5,35.0,45.0,40.0,27.0,31.0,29.0,11.0,15.0,13.0,0.0,1.0,0.5,8.0,27.0,nan
Nugget Hop,9.5,16.0,12.8,3.0,5.8,4.4,2.0,1.0,5.0,1.0,3.0,1.0,nan,nan,25.0,22.0,30.0,26.0,0.9,3.3,2.1,48.0,59.0,53.5,12.0,22.0,17.0,7.0,10.0,8.5,0.0,1.0,0.5,8.0,33.0,nan
Old Mission Hop,nan,nan,4.33,nan,nan,3.7,nan,nan,nan,nan,nan,nan,nan,nan,nan,nan,nan,nan,nan,nan,nan,nan,nan,nan,nan,nan,nan,nan,nan,nan,nan,nan,nan,nan,nan,nan
Olympic Hop,10.6,13.8,12.2,3.8,6.1,5.0,2.0,1.0,4.0,1.0,3.0,1.0,nan,nan,nan,nan,nan,31.0,0.86,2.55,1.7,45.0,55.0,50.0,9.0,13.0,11.0,7.0,12.0,9.5,0.0,1.0,0.5,19.0,39.0,nan
Pacific Crest Hop,nan,nan,3.9,nan,nan,3.0,nan,nan,nan,nan,nan,nan,nan,nan,nan,nan,nan,nan,nan,nan,nan,nan,nan,nan,nan,nan,nan,nan,nan,nan,nan,nan,nan,nan,nan,nan
Pahto Hop,17.0,20.0,18.5,4.5,6.0,5.3,3.0,1.0,4.0,1.0,4.0,1.0,nan,nan,nan,26.0,32.0,29.0,1.0,2.5,1.8,58.0,72.0,65.0,8.0,11.0,9.5,3.0,6.0,4.5,0.0,1.0,0.5,10.0,31.0,nan
Palisade Hop,5.5,10.0,7.8,5.5,8.0,6.8,1.0,1.0,2.0,1.0,1.0,1.0,nan,nan,nan,24.0,29.0,26.5,0.8,2.0,1.4,45.0,55.0,50.0,10.0,20.0,15.0,8.0,16.0,12.0,0.0,1.0,0.5,8.0,37.0,nan
Paradigm Hop,8.0,11.7,9.9,3.9,6.3,5.1,1.0,1.0,3.0,1.0,2.0,1.0,nan,nan,nan,34.0,35.0,34.5,1.2,2.17,1.7,39.0,40.0,39.5,4.0,5.0,4.5,3.0,4.0,3.5,0.0,1.0,0.5,50.0,54.0,nan
Pekko Hop,13.0,16.0,14.5,3.5,5.0,4.3,3.0,1.0,5.0,1.0,4.0,1.0,nan,nan,nan,27.0,30.0,28.5,1.0,3.0,2.0,20.0,30.0,25.0,20.0,28.0,24.0,15.0,20.0,17.5,0.0,1.0,0.5,21.0,45.0,nan
Perle (US) Hop,4.0,9.0,6.5,2.5,4.5,3.5,1.0,1.0,4.0,1.0,2.0,1.0,nan,nan,nan,28.0,35.0,31.5,0.5,2.0,1.3,30.0,45.0,37.5,28.0,34.0,31.0,12.0,16.0,14.0,0.0,1.0,0.5,4.0,30.0,nan
Petoskey Hop,nan,nan,12.1,nan,nan,6.16,nan,nan,nan,nan,nan,nan,nan,nan,nan,nan,nan,nan,nan,nan,nan,nan,nan,nan,nan,nan,nan,nan,nan,nan,nan,nan,nan,nan,nan,nan
Prussian Hop,nan,nan,4.29,nan,nan,2.73,nan,nan,nan,nan,nan,nan,nan,nan,nan,nan,nan,nan,nan,nan,nan,nan,nan,nan,nan,nan,nan,nan,nan,nan,nan,nan,nan,nan,nan,nan
Saaz (US) Hop,3.0,4.5,3.8,3.0,4.5,3.8,1.0,1.0,2.0,1.0,1.0,1.0,25.0,0.25,nan,24.0,28.0,26.0,0.5,1.0,0.8,25.0,30.0,27.5,35.0,40.0,37.5,9.0,11.0,10.0,9.0,13.0,11.0,6.0,22.0,nan
Sabro Hop,12.0,17.0,14.5,4.0,7.0,5.5,2.0,1.0,4.0,1.0,3.0,1.0,24.0,0.242,nan,20.0,24.0,22.0,1.8,3.5,2.7,50.0,68.0,59.0,7.0,14.0,10.5,7.0,11.0,9.0,0.0,1.0,0.5,6.0,36.0,nan
Samba Hop,8.0,12.0,10.0,4.0,6.0,5.0,1.0,1.0,3.0,1.0,2.0,1.0,nan,nan,nan,28.0,32.0,30.0,1.5,2.5,2.0,nan,nan,nan,nan,nan,nan,nan,nan,nan,nan,nan,nan,nan,nan,nan
Santiam Hop,5.0,8.5,6.8,5.3,8.5,6.9,1.0,1.0,2.0,1.0,1.0,1.0,nan,nan,45.0,18.0,24.0,21.0,1.0,2.2,1.6,15.0,25.0,20.0,20.0,30.0,25.0,6.0,9.0,7.5,14.0,18.0,16.0,18.0,45.0,nan
Satus Hop,12.0,14.5,13.3,8.5,9.0,8.8,1.0,1.0,2.0,1.0,2.0,1.0,nan,nan,nan,32.0,35.0,33.5,1.5,2.8,2.2,40.0,45.0,42.5,15.0,20.0,17.5,7.0,10.0,8.5,0.0,1.0,0.5,24.0,38.0,nan
Saugatuck Hop,nan,nan,5.4,nan,nan,3.27,nan,nan,nan,nan,nan,nan,nan,nan,nan,nan,nan,nan,nan,nan,nan,nan,nan,nan,nan,nan,nan,nan,nan,nan,nan,nan,nan,nan,nan,nan
Sequoia Blend Hop,9.0,12.0,10.5,3.5,5.5,4.5,2.0,1.0,3.0,1.0,3.0,1.0,nan,nan,nan,28.0,32.0,30.0,1.5,2.5,2.0,nan,nan,nan,nan,nan,nan,nan,nan,nan,nan,nan,nan,nan,nan,nan
Shaddock Hop,nan,nan,4.96,nan,nan,3.59,nan,nan,nan,nan,nan,nan,nan,nan,nan,nan,nan,nan,nan,nan,nan,nan,nan,nan,nan,nan,nan,nan,nan,nan,nan,nan,nan,nan,nan,nan
Simcoe Hop,11.0,15.0,13.0,3.0,5.0,4.0,2.0,1.0,5.0,1.0,4.0,1.0,27.0,0.268,nan,15.0,21.0,18.0,0.8,3.2,2.0,40.0,50.0,45.0,15.0,20.0,17.5,8.0,14.0,11.0,0.0,1.0,0.5,15.0,37.0,nan
Sitiva Blend Hop,7.2,7.6,7.4,4.2,4.5,4.4,2.0,1.0,2.0,1.0,2.0,1.0,nan,nan,nan,27.0,28.0,27.5,nan,nan,0.9,nan,nan,nan,nan,nan,nan,nan,nan,nan,nan,nan,nan,nan,nan,nan
Sonnet Hop,2.6,7.4,5.0,2.0,3.7,2.9,1.0,1.0,4.0,1.0,2.0,1.0,nan,nan,nan,nan,nan,nan,0.2,1.0,0.6,nan,nan,nan,nan,nan,nan,nan,nan,nan,nan,nan,nan,nan,nan,nan
Sterling Hop,5.5,8.5,7.0,4.0,6.0,5.0,1.0,1.0,2.0,1.0,2.0,1.0,27.0,0.27,nan,22.0,28.0,25.0,1.0,2.0,1.5,35.0,45.0,40.0,16.0,18.0,17.0,5.0,8.0,6.5,15.0,19.0,17.0,10.0,29.0,nan
Sticky Fingers Blend Hop,nan,nan,11.92,nan,nan,4.59,nan,nan,nan,nan,nan,nan,nan,nan,nan,nan,nan,nan,nan,nan,nan,nan,nan,nan,nan,nan,nan,nan,nan,nan,nan,nan,nan,nan,nan,nan
Stirling Hop,6.0,12.0,9.0,4.0,6.0,5.0,1.0,1.0,3.0,1.0,2.0,1.0,nan,nan,70.0,21.0,28.0,24.5,1.3,1.9,1.6,44.0,48.0,46.0,19.0,23.0,21.0,5.0,7.0,6.0,11.0,17.0,14.0,5.0,21.0,nan
Strata Hop,11.0,12.5,11.8,5.0,7.0,6.0,2.0,1.0,3.0,1.0,2.0,1.0,nan,nan,nan,nan,nan,21.0,2.3,3.5,2.9,52.0,65.0,58.5,22.0,30.0,26.0,5.0,13.0,9.0,0.0,1.0,0.5,0.0,21.0,nan
Sultana (Denali) Hop,13.0,16.0,14.5,3.5,7.0,5.3,2.0,1.0,5.0,1.0,3.0,1.0,nan,nan,nan,22.0,26.0,24.0,2.5,4.5,3.5,54.0,55.0,54.5,15.0,17.0,16.0,5.0,7.0,6.0,0.0,1.0,0.5,20.0,26.0,nan
Summit Hop,15.0,17.5,16.3,4.0,6.5,5.3,2.0,1.0,4.0,1.0,3.0,1.0,15.0,0.15,nan,26.0,33.0,29.5,1.5,3.0,2.3,30.0,40.0,35.0,18.0,22.0,20.0,12.0,16.0,14.0,0.0,1.0,0.5,21.0,40.0,nan
Sun Hop,12.0,16.0,14.0,4.5,7.0,5.8,2.0,1.0,4.0,1.0,3.0,1.0,nan,nan,nan,30.0,40.0,35.0,nan,nan,nan,nan,nan,nan,nan,nan,nan,nan,nan,nan,nan,nan,nan,nan,nan,nan
Sunbeam Hop,4.0,5.0,4.5,nan,nan,2.5,nan,nan,nan,nan,nan,nan,nan,nan,nan,nan,nan,nan,nan,nan,nan,nan,nan,nan,nan,nan,nan,nan,nan,nan,nan,nan,nan,nan,nan,nan
Super Galena Hop,13.0,16.0,14.5,8.0,10.0,9.0,1.0,1.0,2.0,1.0,2.0,1.0,nan,nan,nan,35.0,40.0,37.5,0.8,2.5,1.7,nan,nan,nan,nan,nan,nan,nan,nan,nan,nan,nan,nan,nan,nan,nan
Tahoma Hop,7.0,8.2,7.6,8.5,9.5,9.0,1.0,1.0,1.0,1.0,1.0,1.0,31.0,0.307,nan,15.0,17.0,16.0,1.0,2.0,1.5,67.0,72.0,69.5,9.0,11.0,10.0,2.0,4.0,3.0,0.0,1.0,0.5,12.0,22.0,nan
Talisman Hop,5.7,8.0,6.9,2.8,3.6,3.2,2.0,1.0,3.0,1.0,2.0,1.0,nan,nan,nan,nan,nan,53.0,nan,nan,0.7,67.0,69.0,68.0,3.0,5.0,4.0,5.0,6.0,5.5,0.0,1.0,0.5,19.0,25.0,nan
Talus Hop,8.1,9.5,8.8,8.3,10.2,9.3,1.0,1.0,1.0,1.0,1.0,1.0,nan,nan,nan,34.0,39.0,36.5,1.0,2.7,1.9,40.0,50.0,45.0,16.0,21.0,18.5,9.0,13.0,11.0,0.0,1.0,0.5,15.0,35.0,nan
Teamaker Hop,0.6,1.8,1.2,5.4,13.2,9.3,0.0,1.0,0.0,1.0,0.0,1.0,nan,nan,nan,nan,nan,nan,nan,nan,1.0,59.0,61.0,60.0,1.0,2.0,1.5,11.0,13.0,12.0,0.0,1.0,0.5,23.0,29.0,nan
Tettnang (US) Hop,2.5,5.5,4.0,3.0,5.0,4.0,1.0,1.0,2.0,1.0,1.0,1.0,nan,nan,nan,20.0,28.0,24.0,0.5,0.9,0.7,30.0,45.0,37.5,18.0,23.0,20.5,6.0,7.0,6.5,5.0,8.0,6.5,17.0,41.0,nan
Tillicum Hop,13.5,15.5,14.5,9.5,11.5,10.5,1.0,1.0,2.0,1.0,1.0,1.0,nan,nan,nan,nan,nan,35.0,nan,nan,1.5,39.0,41.0,40.0,13.0,15.0,14.0,7.0,8.0,7.5,0.0,1.0,0.5,35.0,41.0,nan
TNT Blend Hop,11.5,13.0,12.3,nan,nan,193.0,nan,nan,nan,nan,nan,nan,nan,nan,nan,nan,nan,nan,nan,nan,nan,nan,nan,nan,nan,nan,nan,nan,nan,nan,nan,nan,nan,nan,nan,nan
Tomahawk Hop,15.0,17.5,16.3,4.5,6.0,5.3,3.0,1.0,4.0,1.0,3.0,1.0,nan,nan,nan,28.0,35.0,31.5,2.5,4.5,3.5,45.0,55.0,50.0,9.0,14.0,11.5,6.0,10.0,8.0,0.0,1.0,0.5,20.0,40.0,nan
Trident Hop,11.0,14.0,12.5,4.0,5.0,4.5,2.0,1.0,4.0,1.0,3.0,1.0,nan,nan,nan,20.0,30.0,25.0,1.5,3.0,2.3,nan,nan,nan,nan,nan,nan,nan,nan,nan,nan,nan,nan,nan,nan,nan
TriplePearl Hop,10.0,11.2,10.6,3.3,4.2,3.8,2.0,1.0,3.0,1.0,3.0,1.0,28.0,0.28,nan,21.0,55.0,38.0,0.8,1.8,1.3,39.0,55.0,47.0,7.0,11.0,9.0,3.0,5.0,4.0,0.0,1.0,0.5,28.0,51.0,nan
Triumph Hop,9.0,12.0,10.5,3.0,5.0,4.0,2.0,1.0,4.0,1.0,3.0,1.0,26.0,0.26,nan,22.0,26.0,24.0,0.8,1.8,1.3,25.0,40.0,32.5,28.0,34.0,31.0,8.0,10.0,9.0,0.0,1.0,0.5,15.0,39.0,nan
Tropica Hop,nan,nan,8.8,nan,nan,3.0,nan,nan,nan,nan,nan,nan,nan,nan,nan,nan,nan,nan,nan,nan,nan,nan,nan,nan,nan,nan,nan,nan,nan,nan,nan,nan,nan,nan,nan,nan
Ultra Hop,3.0,9.7,6.4,3.6,5.0,4.3,1.0,1.0,3.0,1.0,2.0,1.0,nan,nan,nan,25.0,35.0,30.0,0.8,1.5,1.2,50.0,60.0,55.0,10.0,15.0,12.5,6.0,9.0,7.5,0.0,1.0,0.5,15.0,34.0,nan
USDA 008 Hop,10.1,11.1,10.6,2.7,3.3,3.0,3.0,1.0,4.0,1.0,4.0,1.0,32.0,0.317,nan,25.0,26.0,25.5,1.6,1.7,1.7,6.0,7.0,6.5,48.0,49.0,48.5,16.0,17.0,16.5,0.0,1.0,0.5,26.0,30.0,nan
Vanguard Hop,4.0,6.5,5.3,5.5,7.0,6.3,1.0,1.0,1.0,1.0,1.0,1.0,nan,nan,nan,14.0,20.0,17.0,0.4,1.0,0.7,5.0,15.0,10.0,49.0,55.0,52.0,13.0,17.0,15.0,0.0,1.0,0.5,12.0,33.0,nan
Vista Hop,8.0,12.0,10.0,3.5,5.5,4.5,1.0,1.0,3.0,1.0,2.0,1.0,nan,nan,nan,29.0,31.0,30.0,0.8,2.2,1.5,30.0,40.0,35.0,18.0,22.0,20.0,10.0,14.0,12.0,0.0,1.0,0.5,23.0,42.0,nan
Walhalla Hop,5.97,10.0,8.0,3.75,6.0,4.9,1.0,1.0,3.0,1.0,2.0,1.0,nan,nan,nan,nan,nan,nan,nan,nan,nan,nan,nan,nan,nan,nan,nan,nan,nan,nan,nan,nan,nan,nan,nan,nan
Warrior Hop,14.5,18.0,16.3,4.3,6.0,5.2,2.0,1.0,4.0,1.0,3.0,1.0,24.0,0.24,nan,22.0,26.0,24.0,1.0,2.5,1.8,40.0,50.0,45.0,15.0,18.0,16.5,11.0,14.0,12.5,0.0,1.0,0.5,17.0,34.0,nan
Wild Wolf Hop,nan,nan,8.25,nan,nan,5.88,nan,nan,nan,nan,nan,nan,nan,nan,nan,nan,nan,nan,nan,nan,nan,nan,nan,nan,nan,nan,nan,nan,nan,nan,nan,nan,nan,nan,nan,nan
Willamette Hop,4.0,7.2,5.6,3.0,4.5,3.8,1.0,1.0,2.0,1.0,2.0,1.0,nan,nan,38.0,28.0,35.0,31.5,0.6,1.6,1.1,22.0,55.0,38.5,20.0,35.0,27.5,7.0,14.0,10.5,5.0,10.0,7.5,0.0,46.0,nan
X13459 Hop,3.0,5.5,4.3,4.0,5.0,4.5,1.0,1.0,1.0,1.0,1.0,1.0,nan,nan,nan,21.0,24.0,22.5,0.8,2.0,1.4,nan,nan,nan,nan,nan,nan,nan,nan,nan,nan,nan,nan,nan,nan,nan
Yakima Cluster Hop,4.4,9.8,7.1,3.0,6.1,4.6,1.0,1.0,3.0,1.0,2.0,1.0,nan,nan,nan,39.0,42.0,40.5,0.24,0.9,0.6,45.0,55.0,50.0,17.0,19.0,18.0,6.0,7.0,6.5,0.0,1.0,0.5,18.0,32.0,nan
Yakima Gold Hop,7.0,8.0,7.5,3.5,4.5,4.0,2.0,1.0,2.0,1.0,2.0,1.0,32.0,0.316,nan,21.0,23.0,22.0,0.5,1.5,1.0,35.0,45.0,40.0,18.0,24.0,21.0,5.0,9.0,7.0,8.0,12.0,10.0,10.0,34.0,nan
YQH-1380 Hop,9.3,11.0,10.2,6.8,7.0,6.9,1.0,1.0,2.0,1.0,1.0,1.0,nan,nan,nan,32.0,33.0,32.5,1.3,2.0,1.7,67.0,68.0,67.5,9.0,10.0,9.5,4.0,5.0,4.5,0.0,1.0,0.5,16.0,20.0,nan
Zamba Blend Hop,8.0,12.0,10.0,4.0,6.0,5.0,1.0,1.0,3.0,1.0,2.0,1.0,nan,nan,nan,28.0,32.0,30.0,1.5,2.5,2.0,60.0,70.0,65.0,9.0,13.0,11.0,5.0,8.0,6.5,1.0,4.0,2.5,5.0,25.0,nan
Zappa Hop,6.0,9.0,7.5,8.0,9.0,8.5,1.0,1.0,1.0,1.0,1.0,1.0,nan,nan,nan,40.0,45.0,42.5,1.8,2.5,2.2,64.0,65.0,64.5,4.0,5.0,4.5,8.0,9.0,8.5,0.0,1.0,0.5,20.0,24.0,nan
Zenia Hop,11.0,14.0,12.5,4.4,5.1,4.8,2.0,1.0,3.0,1.0,3.0,1.0,nan,nan,nan,nan,nan,nan,0.7,2.5,1.6,nan,nan,nan,nan,nan,nan,nan,nan,nan,nan,nan,nan,nan,nan,nan
Zenith Hop,9.0,11.0,10.0,nan,nan,3.0,nan,nan,nan,nan,nan,nan,nan,nan,nan,nan,nan,nan,nan,nan,nan,nan,nan,nan,nan,nan,nan,nan,nan,nan,nan,nan,nan,nan,nan,nan
Zeus Hop,13.0,17.5,15.3,4.0,6.5,5.3,2.0,1.0,4.0,1.0,3.0,1.0,48.0,0.48,nan,28.0,40.0,34.0,2.4,4.5,3.5,45.0,60.0,52.5,9.0,18.0,13.5,6.0,11.0,8.5,0.0,1.0,0.5,10.0,40.0,nan
Zythos Hop,10.0,12.5,11.3,4.7,6.2,5.5,2.0,1.0,3.0,1.0,2.0,1.0,nan,nan,nan,28.0,31.0,29.5,0.7,1.2,1.0,30.0,50.0,40.0,14.0,23.0,18.5,7.0,10.0,8.5,1.0,3.0,2.0,14.0,48.0,nan
